variant,description,n,wins,losses,win_rate,net_return,net_ev,coverage,status
FULL_CURRENT,causal momentum + volatility,352,155,164,0.48589341692789967,-0.03695611,-0.15929039,0.897959,TEST_B
NO_HIGH_VOLATILITY,session/regime gate removes HIGH_VOLATILITY,352,155,164,0.48589341692789967,-0.03695611,-0.15929039,0.897959,TEST_B
NO_LOW_VOLATILITY,session/regime gate removes LOW_VOLATILITY,142,69,64,0.518796992481203,-0.01389923,-0.15602747,0.865854,TEST_B
TREND_AND_BREAKOUT_ONLY,only TREND_* and BREAKOUT_* regimes,123,62,55,0.5299145299145299,-0.01088110,-0.15250791,0.854167,TEST_B
LONDON_NY_ONLY,session gate,216,93,100,0.48186528497409326,-0.02554519,-0.16023243,0.915254,TEST_B
SMC_FVG,feature not present in Yahoo historical payload; no invented ablation,,,,,,,,NOT_AVAILABLE
SMC_ORDER_BLOCK,feature not present in Yahoo historical payload; no invented ablation,,,,,,,,NOT_AVAILABLE
SMC_BOS_CHOCH,feature not present in Yahoo historical payload; no invented ablation,,,,,,,,NOT_AVAILABLE
LIQUIDITY,feature not present in Yahoo historical payload; no invented ablation,,,,,,,,NOT_AVAILABLE
OFI_CVD,feature not present in Yahoo historical payload; no invented ablation,,,,,,,,NOT_AVAILABLE
MACRO,feature not present in Yahoo historical payload; no invented ablation,,,,,,,,NOT_AVAILABLE
SPREAD_QUANTILE,feature not present in Yahoo historical payload; no invented ablation,,,,,,,,NOT_AVAILABLE
