from,to,open,high,low,close
2026-09-25T16:07:00Z,2026-09-25T16:08:00Z,25541.49,25544.31,25533.95,25539.53
2026-09-25T16:08:00Z,2026-09-25T16:09:00Z,25539.61,25552.86,25537.24,25540.11
2026-09-25T16:09:00Z,2026-09-25T16:10:00Z,25540.36,25544.28,25531.28,25539.28
2026-09-25T16:10:00Z,2026-09-25T16:11:00Z,25539.61,25552.28,25536.21,25541.61
2026-09-25T16:11:00Z,2026-09-25T16:12:00Z,25541.76,25548.28,25535.61,25548.28
2026-09-25T16:12:00Z,2026-09-25T16:13:00Z,25548.61,25558.06,25545.95,25552.11
2026-09-25T16:13:00Z,2026-09-25T16:14:00Z,25551.95,25557.86,25548.99,25556.86
2026-09-25T16:14:00Z,2026-09-25T16:15:00Z,25556.61,25560.11,25551.29,25559.95
2026-09-25T16:15:00Z,2026-09-25T16:16:00Z,25559.94,25564.11,25554.36,25560.95
2026-09-25T16:16:00Z,2026-09-25T16:17:00Z,25560.94,25568.28,25553.41,25566.46
2026-09-25T16:17:00Z,2026-09-25T16:18:00Z,25566.36,25572.7,25553.94,25554.36
2026-09-25T16:18:00Z,2026-09-25T16:19:00Z,25554.61,25555.28,25544.11,25547.76
2026-09-25T16:19:00Z,2026-09-25T16:20:00Z,25547.36,25552.41,25540.86,25551.11
2026-09-25T16:20:00Z,2026-09-25T16:21:00Z,25551.28,25552.61,25539.74,25541.11
2026-09-25T16:21:00Z,2026-09-25T16:22:00Z,25541.28,25542.17,25534.94,25541.51
2026-09-25T16:22:00Z,2026-09-25T16:23:00Z,25541.36,25542.56,25533.46,25537.28
2026-09-25T16:23:00Z,2026-09-25T16:24:00Z,25537.11,25537.76,25523.61,25531.95
2026-09-25T16:24:00Z,2026-09-25T16:25:00Z,25532.11,25538.51,25529.11,25536.36
2026-09-25T16:25:00Z,2026-09-25T16:26:00Z,25536.5,25541.86,25531.86,25538.11
2026-09-25T16:26:00Z,2026-09-25T16:27:00Z,25538.36,25557.86,25537.95,25557.61
2026-09-25T16:27:00Z,2026-09-25T16:28:00Z,25557.28,25558.41,25550.81,25552.11
2026-09-25T16:28:00Z,2026-09-25T16:29:00Z,25551.94,25553.36,25548.36,25549.72
2026-09-25T16:29:00Z,2026-09-25T16:30:00Z,25549.72,25553.86,25548.11,25552.28
2026-09-25T16:30:00Z,2026-09-25T16:31:00Z,25552.46,25555.11,25549.86,25553.11
2026-09-25T16:31:00Z,2026-09-25T16:32:00Z,25553.7,25554.28,25546.11,25548.28
2026-09-25T16:32:00Z,2026-09-25T16:33:00Z,25548.11,25556.36,25547.93,25551.28
2026-09-25T16:33:00Z,2026-09-25T16:34:00Z,25551.11,25553.11,25549.28,25552.47
2026-09-25T16:34:00Z,2026-09-25T16:35:00Z,25552.45,25552.45,25509.61,25523.11
2026-09-25T16:35:00Z,2026-09-25T16:36:00Z,25523.46,25534.86,25523.11,25533.76
2026-09-25T16:36:00Z,2026-09-25T16:37:00Z,25533.61,25535.95,25525.11,25535.95
2026-09-25T16:37:00Z,2026-09-25T16:38:00Z,25535.86,25544.61,25535.11,25538.61
2026-09-25T16:38:00Z,2026-09-25T16:39:00Z,25538.28,25541.95,25531.61,25540.86
2026-09-25T16:39:00Z,2026-09-25T16:40:00Z,25540.24,25545.11,25538.7,25539.46
2026-09-25T16:40:00Z,2026-09-25T16:41:00Z,25539.36,25541.46,25534.94,25536.95
2026-09-25T16:41:00Z,2026-09-25T16:42:00Z,25537.11,25538.28,25532.61,25535.95
2026-09-25T16:42:00Z,2026-09-25T16:43:00Z,25536.11,25546.9,25534.28,25536.46
2026-09-25T16:43:00Z,2026-09-25T16:44:00Z,25536.24,25541.61,25533.94,25536.86
2026-09-25T16:44:00Z,2026-09-25T16:45:00Z,25536.95,25542.06,25534.28,25534.94
2026-09-25T16:45:00Z,2026-09-25T16:46:00Z,25534.94,25535.11,25525.11,25529.36
2026-09-25T16:46:00Z,2026-09-25T16:47:00Z,25529.28,25534.01,25527.86,25532.24
2026-09-25T16:47:00Z,2026-09-25T16:48:00Z,25532.28,25532.28,25526.11,25527.28
2026-09-25T16:48:00Z,2026-09-25T16:49:00Z,25527.11,25534.36,25519.86,25520.95
2026-09-25T16:49:00Z,2026-09-25T16:50:00Z,25520.76,25526.99,25518.94,25526.11
2026-09-25T16:50:00Z,2026-09-25T16:51:00Z,25526.28,25530.28,25525.61,25527.36
2026-09-25T16:51:00Z,2026-09-25T16:52:00Z,25527.41,25527.41,25521.11,25524.36
2026-09-25T16:52:00Z,2026-09-25T16:53:00Z,25524.28,25526.28,25520.86,25524.11
2026-09-25T16:53:00Z,2026-09-25T16:54:00Z,25523.95,25524.61,25520.11,25521.11
2026-09-25T16:54:00Z,2026-09-25T16:55:00Z,25521.11,25522.61,25519.11,25521.19
2026-09-25T16:55:00Z,2026-09-25T16:56:00Z,25521.28,25524.11,25518.28,25520.61
2026-09-25T16:56:00Z,2026-09-25T16:57:00Z,25520.28,25523.69,25516.81,25517.95
2026-09-25T16:57:00Z,2026-09-25T16:58:00Z,25517.81,25517.81,25511.81,25512.24
2026-09-25T16:58:00Z,2026-09-25T16:59:00Z,25512.18,25513.81,25510.53,25510.61
2026-09-25T16:59:00Z,2026-09-25T17:00:00Z,25510.56,25520.81,25498.61,25514.86
2026-09-25T17:00:00Z,2026-09-25T17:01:00Z,25514.95,25515.86,25509.76,25512.28
2026-09-25T17:01:00Z,2026-09-25T17:02:00Z,25512.36,25532.81,25512.36,25529.11
2026-09-25T17:02:00Z,2026-09-25T17:03:00Z,25528.86,25531.95,25526.86,25530.11
2026-09-25T17:03:00Z,2026-09-25T17:04:00Z,25530.28,25533.11,25529.11,25530.95
2026-09-25T17:04:00Z,2026-09-25T17:05:00Z,25531.28,25538.28,25530.11,25536.61
2026-09-25T17:05:00Z,2026-09-25T17:06:00Z,25536.28,25539.61,25535.11,25538.61
2026-09-25T17:06:00Z,2026-09-25T17:07:00Z,25538.61,25541.46,25535.95,25537.86
2026-09-25T17:07:00Z,2026-09-25T17:08:00Z,25537.95,25540.61,25535.36,25539.28
2026-09-25T17:08:00Z,2026-09-25T17:09:00Z,25539.46,25540.94,25527.36,25534.24
2026-09-25T17:09:00Z,2026-09-25T17:10:00Z,25535.24,25543.61,25534.86,25541.24
2026-09-25T17:10:00Z,2026-09-25T17:11:00Z,25541.28,25543.5,25539.94,25540.11
2026-09-25T17:11:00Z,2026-09-25T17:12:00Z,25539.94,25541.28,25534.11,25535.86
2026-09-25T17:12:00Z,2026-09-25T17:13:00Z,25536.01,25541.28,25534.95,25540.61
2026-09-25T17:13:00Z,2026-09-25T17:14:00Z,25540.28,25544.11,25539.94,25541.11
2026-09-25T17:14:00Z,2026-09-25T17:15:00Z,25541.24,25545.44,25540.28,25545.41
2026-09-25T17:15:00Z,2026-09-25T17:16:00Z,25545.61,25547.42,25541.76,25545.53
2026-09-25T17:16:00Z,2026-09-25T17:17:00Z,25545.61,25546.11,25543.11,25544.36
2026-09-25T17:17:00Z,2026-09-25T17:18:00Z,25544.41,25547.11,25541.43,25541.81
2026-09-25T17:18:00Z,2026-09-25T17:19:00Z,25541.61,25542.46,25538.81,25540.95
2026-09-25T17:19:00Z,2026-09-25T17:20:00Z,25540.86,25543.36,25539.28,25543.36
2026-09-25T17:20:00Z,2026-09-25T17:21:00Z,25543.21,25543.28,25538.28,25542.11
2026-09-25T17:21:00Z,2026-09-25T17:22:00Z,25541.95,25542.81,25539.36,25540.28
2026-09-25T17:22:00Z,2026-09-25T17:23:00Z,25540.28,25545.61,25540.28,25543.11
2026-09-25T17:23:00Z,2026-09-25T17:24:00Z,25543.28,25550.11,25543.11,25549.95
2026-09-25T17:24:00Z,2026-09-25T17:25:00Z,25549.86,25553.4,25547.95,25551.28
2026-09-25T17:25:00Z,2026-09-25T17:26:00Z,25551.11,25551.78,25547.76,25549.11
2026-09-25T17:26:00Z,2026-09-25T17:27:00Z,25549.11,25550.11,25546.28,25548.28
2026-09-25T17:27:00Z,2026-09-25T17:28:00Z,25548.28,25549.36,25546.61,25547.28
2026-09-25T17:28:00Z,2026-09-25T17:29:00Z,25547.28,25549.28,25544.28,25544.28
2026-09-25T17:29:00Z,2026-09-25T17:30:00Z,25544.11,25544.28,25540.94,25543.28
2026-09-25T17:30:00Z,2026-09-25T17:31:00Z,25543.46,25545.28,25542.11,25545.28
2026-09-25T17:31:00Z,2026-09-25T17:32:00Z,25545.28,25545.28,25534.53,25536.11
2026-09-25T17:32:00Z,2026-09-25T17:33:00Z,25536.11,25539.94,25535.86,25539.36
2026-09-25T17:33:00Z,2026-09-25T17:34:00Z,25539.28,25541.95,25535.94,25535.94
2026-09-25T17:34:00Z,2026-09-25T17:35:00Z,25535.95,25535.95,25527.94,25532.51
2026-09-25T17:35:00Z,2026-09-25T17:36:00Z,25532.36,25533.01,25528.61,25530.36
2026-09-25T17:36:00Z,2026-09-25T17:37:00Z,25530.36,25534.94,25529.11,25529.36
2026-09-25T17:37:00Z,2026-09-25T17:38:00Z,25529.28,25529.86,25524.11,25528.11
2026-09-25T17:38:00Z,2026-09-25T17:39:00Z,25528.41,25531.95,25528.31,25531.81
2026-09-25T17:39:00Z,2026-09-25T17:40:00Z,25531.81,25548.53,25531.41,25539.61
2026-09-25T17:40:00Z,2026-09-25T17:41:00Z,25539.46,25547.61,25536.95,25538.76
2026-09-25T17:41:00Z,2026-09-25T17:42:00Z,25538.95,25550.06,25537.76,25545.28
2026-09-25T17:42:00Z,2026-09-25T17:43:00Z,25545.61,25552.28,25544.95,25548.9
2026-09-25T17:43:00Z,2026-09-25T17:44:00Z,25548.94,25549.11,25544.94,25545.76
2026-09-25T17:44:00Z,2026-09-25T17:45:00Z,25545.76,25548.36,25541.2,25541.2
2026-09-25T17:45:00Z,2026-09-25T17:46:00Z,25541.24,25541.24,25538.28,25538.36
2026-09-25T17:46:00Z,2026-09-25T17:47:00Z,25538.41,25540.11,25534.28,25537.94
2026-09-25T17:47:00Z,2026-09-25T17:48:00Z,25537.86,25539.11,25536.11,25536.11
2026-09-25T17:48:00Z,2026-09-25T17:49:00Z,25536.11,25538.21,25534.42,25537.38
2026-09-25T17:49:00Z,2026-09-25T17:50:00Z,25537.38,25541.45,25537.33,25540.21
2026-09-25T17:50:00Z,2026-09-25T17:51:00Z,25540.21,25541.28,25535.61,25537.33
2026-09-25T17:51:00Z,2026-09-25T17:52:00Z,25537.53,25539.11,25536.11,25537.5
2026-09-25T17:52:00Z,2026-09-25T17:53:00Z,25537.42,25537.51,25530.11,25530.36
2026-09-25T17:53:00Z,2026-09-25T17:54:00Z,25530.21,25533.86,25528.93,25532.86
2026-09-25T17:54:00Z,2026-09-25T17:55:00Z,25532.95,25533.01,25527.28,25530.81
2026-09-25T17:55:00Z,2026-09-25T17:56:00Z,25530.61,25535.21,25530.53,25534.86
2026-09-25T17:56:00Z,2026-09-25T17:57:00Z,25535.11,25539.7,25535.01,25538.44
2026-09-25T17:57:00Z,2026-09-25T17:58:00Z,25538.44,25538.45,25534.11,25536.11
2026-09-25T17:58:00Z,2026-09-25T17:59:00Z,25536.28,25539.41,25536.28,25538.11
2026-09-25T17:59:00Z,2026-09-25T18:00:00Z,25538.11,25541.86,25538.11,25541.86
2026-09-25T18:00:00Z,2026-09-25T18:01:00Z,25541.94,25543.81,25538.61,25538.61
2026-09-25T18:01:00Z,2026-09-25T18:02:00Z,25538.72,25542.11,25538.11,25540.01
2026-09-25T18:02:00Z,2026-09-25T18:03:00Z,25540.11,25541.36,25538.36,25539.86
2026-09-25T18:03:00Z,2026-09-25T18:04:00Z,25539.95,25540.86,25537.94,25539.36
2026-09-25T18:04:00Z,2026-09-25T18:05:00Z,25539.21,25540.86,25536.36,25539.61
2026-09-25T18:05:00Z,2026-09-25T18:06:00Z,25539.53,25542.01,25537.81,25537.95
2026-09-25T18:06:00Z,2026-09-25T18:07:00Z,25537.95,25543.95,25535.41,25543.18
2026-09-25T18:07:00Z,2026-09-25T18:08:00Z,25543.49,25543.7,25537.86,25539.61
2026-09-25T18:08:00Z,2026-09-25T18:09:00Z,25539.7,25541.9,25539.21,25541.78
2026-09-25T18:09:00Z,2026-09-25T18:10:00Z,25541.9,25543.7,25541.61,25543.61
2026-09-25T18:10:00Z,2026-09-25T18:11:00Z,25543.61,25543.7,25541.93,25542.81
2026-09-25T18:11:00Z,2026-09-25T18:12:00Z,25542.78,25542.81,25539.7,25540.11
2026-09-25T18:12:00Z,2026-09-25T18:13:00Z,25540.11,25544.81,25539.7,25544.81
2026-09-25T18:13:00Z,2026-09-25T18:14:00Z,25544.61,25548.61,25544.61,25548.11
2026-09-25T18:14:00Z,2026-09-25T18:15:00Z,25548.11,25551.84,25547.18,25551.83
2026-09-25T18:15:00Z,2026-09-25T18:16:00Z,25551.84,25553.9,25550.44,25551.61
2026-09-25T18:16:00Z,2026-09-25T18:17:00Z,25551.81,25554.53,25549.86,25550.86
2026-09-25T18:17:00Z,2026-09-25T18:18:00Z,25550.81,25550.81,25548.01,25549.36
2026-09-25T18:18:00Z,2026-09-25T18:19:00Z,25549.36,25552.72,25548.61,25548.95
2026-09-25T18:19:00Z,2026-09-25T18:20:00Z,25548.95,25551.21,25547.21,25551.21
2026-09-25T18:20:00Z,2026-09-25T18:21:00Z,25551.11,25551.21,25549.28,25550.86
2026-09-25T18:21:00Z,2026-09-25T18:22:00Z,25550.86,25553.11,25548.61,25548.61
2026-09-25T18:22:00Z,2026-09-25T18:23:00Z,25548.53,25549.81,25545.28,25546.61
2026-09-25T18:23:00Z,2026-09-25T18:24:00Z,25546.61,25550.61,25546.11,25550.36
2026-09-25T18:24:00Z,2026-09-25T18:25:00Z,25550.51,25552.28,25550.11,25552.11
2026-09-25T18:25:00Z,2026-09-25T18:26:00Z,25552.21,25554.24,25551.94,25553.45
2026-09-25T18:26:00Z,2026-09-25T18:27:00Z,25553.61,25555.41,25535.76,25539.86
2026-09-25T18:27:00Z,2026-09-25T18:28:00Z,25539.61,25542.86,25528.76,25530.11
2026-09-25T18:28:00Z,2026-09-25T18:29:00Z,25530.28,25543.61,25527.76,25542.86
2026-09-25T18:29:00Z,2026-09-25T18:30:00Z,25542.72,25549.61,25539.36,25548.95
2026-09-25T18:30:00Z,2026-09-25T18:31:00Z,25549.11,25555.51,25548.41,25554.28
2026-09-25T18:31:00Z,2026-09-25T18:32:00Z,25554.36,25559.56,25554.11,25554.78
2026-09-25T18:32:00Z,2026-09-25T18:33:00Z,25554.42,25559.18,25554.28,25557.11
2026-09-25T18:33:00Z,2026-09-25T18:34:00Z,25557.01,25560.46,25556.21,25559.47
2026-09-25T18:34:00Z,2026-09-25T18:35:00Z,25559.76,25559.78,25555.01,25555.11
2026-09-25T18:35:00Z,2026-09-25T18:36:00Z,25555.01,25557.61,25551.94,25556.36
2026-09-25T18:36:00Z,2026-09-25T18:37:00Z,25556.28,25559.11,25555.61,25558.01
2026-09-25T18:37:00Z,2026-09-25T18:38:00Z,25557.86,25558.81,25546.46,25548.36
2026-09-25T18:38:00Z,2026-09-25T18:39:00Z,25548.36,25548.76,25544.11,25546.53
2026-09-25T18:39:00Z,2026-09-25T18:40:00Z,25546.45,25546.7,25543.28,25543.78
2026-09-25T18:40:00Z,2026-09-25T18:41:00Z,25543.9,25544.49,25539.86,25542.81
2026-09-25T18:41:00Z,2026-09-25T18:42:00Z,25543.01,25545.95,25541.61,25544.11
2026-09-25T18:42:00Z,2026-09-25T18:43:00Z,25544.86,25551.01,25544.86,25550.86
2026-09-25T18:43:00Z,2026-09-25T18:44:00Z,25551.01,25551.36,25549.21,25550.36
2026-09-25T18:44:00Z,2026-09-25T18:45:00Z,25550.28,25554.28,25549.51,25552.94
2026-09-25T18:45:00Z,2026-09-25T18:46:00Z,25553.11,25555.28,25552.61,25554.21
2026-09-25T18:46:00Z,2026-09-25T18:47:00Z,25554.36,25555.81,25553.45,25554.61
2026-09-25T18:47:00Z,2026-09-25T18:48:00Z,25554.36,25556.46,25550.46,25552.28
2026-09-25T18:48:00Z,2026-09-25T18:49:00Z,25552.46,25553.28,25549.53,25551.28
2026-09-25T18:49:00Z,2026-09-25T18:50:00Z,25551.76,25553.9,25551.11,25551.8
2026-09-25T18:50:00Z,2026-09-25T18:51:00Z,25551.94,25554.7,25550.28,25554.21
2026-09-25T18:51:00Z,2026-09-25T18:52:00Z,25554.11,25556.94,25552.28,25554.28
2026-09-25T18:52:00Z,2026-09-25T18:53:00Z,25554.41,25555.01,25552.36,25554.53
2026-09-25T18:53:00Z,2026-09-25T18:54:00Z,25554.53,25554.95,25550.95,25551.21
2026-09-25T18:54:00Z,2026-09-25T18:55:00Z,25551.11,25554.86,25548.81,25549.28
2026-09-25T18:55:00Z,2026-09-25T18:56:00Z,25549.36,25552.21,25548.01,25548.61
2026-09-25T18:56:00Z,2026-09-25T18:57:00Z,25548.7,25551.41,25548.01,25550.94
2026-09-25T18:57:00Z,2026-09-25T18:58:00Z,25551.28,25552.86,25550.28,25550.36
2026-09-25T18:58:00Z,2026-09-25T18:59:00Z,25550.36,25554.36,25550.28,25553.81
2026-09-25T18:59:00Z,2026-09-25T19:00:00Z,25553.95,25554.95,25551.21,25552.41
2026-09-25T19:00:00Z,2026-09-25T19:01:00Z,25552.61,25557.28,25549.94,25552.21
2026-09-25T19:01:00Z,2026-09-25T19:02:00Z,25552.21,25563.21,25550.41,25552.36
2026-09-25T19:02:00Z,2026-09-25T19:03:00Z,25552.21,25552.61,25542.18,25542.94
2026-09-25T19:03:00Z,2026-09-25T19:04:00Z,25542.95,25545.61,25540.51,25544.72
2026-09-25T19:04:00Z,2026-09-25T19:05:00Z,25544.86,25547.66,25544.41,25547.65
2026-09-25T19:05:00Z,2026-09-25T19:06:00Z,25547.65,25552.33,25546.53,25550.41
2026-09-25T19:06:00Z,2026-09-25T19:07:00Z,25550.95,25551.36,25548.41,25548.95
2026-09-25T19:07:00Z,2026-09-25T19:08:00Z,25548.86,25554.01,25548.41,25552.41
2026-09-25T19:08:00Z,2026-09-25T19:09:00Z,25552.41,25553.49,25550.61,25551.61
2026-09-25T19:09:00Z,2026-09-25T19:10:00Z,25551.53,25551.61,25543.61,25544.01
2026-09-25T19:10:00Z,2026-09-25T19:11:00Z,25544.01,25545.53,25543.21,25544.36
2026-09-25T19:11:00Z,2026-09-25T19:12:00Z,25544.36,25544.36,25537.11,25538.61
2026-09-25T19:12:00Z,2026-09-25T19:13:00Z,25538.86,25542.11,25538.86,25541.01
2026-09-25T19:13:00Z,2026-09-25T19:14:00Z,25541.01,25541.01,25537.11,25539.41
2026-09-25T19:14:00Z,2026-09-25T19:15:00Z,25539.41,25544.21,25539.21,25544.01
2026-09-25T19:15:00Z,2026-09-25T19:16:00Z,25544.01,25544.01,25540.7,25542.01
2026-09-25T19:16:00Z,2026-09-25T19:17:00Z,25542.11,25542.11,25538.11,25540.44
2026-09-25T19:17:00Z,2026-09-25T19:18:00Z,25540.61,25540.81,25537.61,25538.21
2026-09-25T19:18:00Z,2026-09-25T19:19:00Z,25538.28,25541.11,25537.61,25540.36
2026-09-25T19:19:00Z,2026-09-25T19:20:00Z,25540.21,25540.36,25534.95,25535.21
2026-09-25T19:20:00Z,2026-09-25T19:21:00Z,25535.28,25535.41,25529.76,25531.72
2026-09-25T19:21:00Z,2026-09-25T19:22:00Z,25531.61,25535.95,25531.36,25535.21
2026-09-25T19:22:00Z,2026-09-25T19:23:00Z,25535.21,25535.21,25532.41,25532.86
2026-09-25T19:23:00Z,2026-09-25T19:24:00Z,25532.94,25533.81,25531.45,25533.36
2026-09-25T19:24:00Z,2026-09-25T19:25:00Z,25533.21,25535.76,25532.61,25534.21
2026-09-25T19:25:00Z,2026-09-25T19:26:00Z,25534.11,25534.36,25531.41,25532.69
2026-09-25T19:26:00Z,2026-09-25T19:27:00Z,25532.81,25533.24,25526.91,25526.98
2026-09-25T19:27:00Z,2026-09-25T19:28:00Z,25526.98,25529.11,25522.41,25522.43
2026-09-25T19:28:00Z,2026-09-25T19:29:00Z,25522.44,25527.74,25522.44,25526.53
2026-09-25T19:29:00Z,2026-09-25T19:30:00Z,25526.61,25526.95,25524.36,25526.24
2026-09-25T19:30:00Z,2026-09-25T19:31:00Z,25526.11,25526.11,25523.11,25525.51
2026-09-25T19:31:00Z,2026-09-25T19:32:00Z,25525.06,25527.28,25523.01,25526.33
2026-09-25T19:32:00Z,2026-09-25T19:33:00Z,25526.28,25527.11,25525.49,25527.04
2026-09-25T19:33:00Z,2026-09-25T19:34:00Z,25526.95,25531.01,25526.95,25530.01
2026-09-25T19:34:00Z,2026-09-25T19:35:00Z,25529.95,25529.95,25520.28,25520.72
2026-09-25T19:35:00Z,2026-09-25T19:36:00Z,25520.86,25524.7,25520.86,25524.36
2026-09-25T19:36:00Z,2026-09-25T19:37:00Z,25524.21,25529.33,25523.86,25529.33
2026-09-25T19:37:00Z,2026-09-25T19:38:00Z,25529.36,25541.11,25529.36,25540.36
2026-09-25T19:38:00Z,2026-09-25T19:39:00Z,25540.28,25551.36,25539.18,25547.11
2026-09-25T19:39:00Z,2026-09-25T19:40:00Z,25547.21,25548.41,25542.28,25542.86
2026-09-25T19:40:00Z,2026-09-25T19:41:00Z,25542.61,25542.61,25535.61,25535.61
2026-09-25T19:41:00Z,2026-09-25T19:42:00Z,25535.61,25539.21,25534.86,25534.86
2026-09-25T19:42:00Z,2026-09-25T19:43:00Z,25535.01,25536.7,25533.9,25536.61
2026-09-25T19:43:00Z,2026-09-25T19:44:00Z,25536.61,25540.11,25536.61,25539.45
2026-09-25T19:44:00Z,2026-09-25T19:45:00Z,25540.01,25542.01,25538.61,25540.45
2026-09-25T19:45:00Z,2026-09-25T19:46:00Z,25540.61,25549.6,25540.28,25543.11
2026-09-25T19:46:00Z,2026-09-25T19:47:00Z,25542.95,25548.46,25540.21,25547.11
2026-09-25T19:47:00Z,2026-09-25T19:48:00Z,25547.21,25548.11,25542.8,25543.41
2026-09-25T19:48:00Z,2026-09-25T19:49:00Z,25543.28,25547.95,25541.21,25545.28
2026-09-25T19:49:00Z,2026-09-25T19:50:00Z,25545.19,25545.74,25540.18,25540.18
2026-09-25T19:50:00Z,2026-09-25T19:51:00Z,25540.24,25550.61,25540.24,25548.41
2026-09-25T19:51:00Z,2026-09-25T19:52:00Z,25548.61,25553.28,25546.94,25547.36
2026-09-25T19:52:00Z,2026-09-25T19:53:00Z,25547.61,25549.45,25544.11,25544.44
2026-09-25T19:53:00Z,2026-09-25T19:54:00Z,25544.44,25547.95,25544.44,25547.86
2026-09-25T19:54:00Z,2026-09-25T19:55:00Z,25547.8,25547.8,25539.86,25540.9
2026-09-25T19:55:00Z,2026-09-25T19:56:00Z,25539.86,25542.51,25539.01,25541.36
2026-09-25T19:56:00Z,2026-09-25T19:57:00Z,25540.81,25540.81,25535.11,25536.86
2026-09-25T19:57:00Z,2026-09-25T19:58:00Z,25536.61,25541.49,25536.61,25540.8
2026-09-25T19:58:00Z,2026-09-25T19:59:00Z,25540.45,25550.31,25540.01,25544.54
2026-09-25T19:59:00Z,2026-09-25T20:00:00Z,25544.45,25549.11,25539.11,25548.61
2026-09-28T00:30:00Z,2026-09-28T00:31:00Z,25477.27,25478.94,25474.6,25477.1
2026-09-28T00:31:00Z,2026-09-28T00:32:00Z,25477.6,25487.11,25473.5,25483.6
2026-09-28T00:32:00Z,2026-09-28T00:33:00Z,25483.35,25485.61,25480.85,25482.61
2026-09-28T00:33:00Z,2026-09-28T00:34:00Z,25482.6,25484.1,25473.6,25473.85
2026-09-28T00:34:00Z,2026-09-28T00:35:00Z,25473.77,25480.73,25471.11,25477.36
2026-09-28T00:35:00Z,2026-09-28T00:36:00Z,25477.11,25480.4,25475.1,25479.1
2026-09-28T00:36:00Z,2026-09-28T00:37:00Z,25478.94,25479.27,25470.1,25473.27
2026-09-28T00:37:00Z,2026-09-28T00:38:00Z,25473.1,25477.1,25472.85,25475.8
2026-09-28T00:38:00Z,2026-09-28T00:39:00Z,25475.6,25482.11,25474.6,25481.69
2026-09-28T00:39:00Z,2026-09-28T00:40:00Z,25481.69,25483.11,25479.95,25481.85
2026-09-28T00:40:00Z,2026-09-28T00:41:00Z,25481.27,25484.1,25476.35,25476.35
2026-09-28T00:41:00Z,2026-09-28T00:42:00Z,25476.6,25479.1,25472.94,25478.6
2026-09-28T00:42:00Z,2026-09-28T00:43:00Z,25478.94,25483.1,25477.1,25483.1
2026-09-28T00:43:00Z,2026-09-28T00:44:00Z,25483.11,25487.73,25481.6,25483.94
2026-09-28T00:44:00Z,2026-09-28T00:45:00Z,25483.93,25488.73,25482.85,25486.6
2026-09-28T00:45:00Z,2026-09-28T00:46:00Z,25486.27,25491.1,25485.27,25488.1
2026-09-28T00:46:00Z,2026-09-28T00:47:00Z,25487.85,25490.94,25483.69,25486.1
2026-09-28T00:47:00Z,2026-09-28T00:48:00Z,25485.6,25488.11,25483.27,25483.94
2026-09-28T00:48:00Z,2026-09-28T00:49:00Z,25484.52,25487.6,25483.6,25484.94
2026-09-28T00:49:00Z,2026-09-28T00:50:00Z,25485.1,25489.11,25483.85,25488.94
2026-09-28T00:50:00Z,2026-09-28T00:51:00Z,25489.11,25490.6,25484.1,25486.69
2026-09-28T00:51:00Z,2026-09-28T00:52:00Z,25486.61,25491.61,25485.61,25490.1
2026-09-28T00:52:00Z,2026-09-28T00:53:00Z,25489.94,25491.1,25486.27,25487.1
2026-09-28T00:53:00Z,2026-09-28T00:54:00Z,25487.1,25487.6,25483.27,25484.52
2026-09-28T00:54:00Z,2026-09-28T00:55:00Z,25484.6,25485.27,25481.85,25483.35
2026-09-28T00:55:00Z,2026-09-28T00:56:00Z,25483.48,25484.61,25479.85,25479.85
2026-09-28T00:56:00Z,2026-09-28T00:57:00Z,25479.85,25482.1,25477.1,25478.1
2026-09-28T00:57:00Z,2026-09-28T00:58:00Z,25477.85,25483.35,25476.6,25481.8
2026-09-28T00:58:00Z,2026-09-28T00:59:00Z,25481.48,25483.1,25478.85,25479.35
2026-09-28T00:59:00Z,2026-09-28T01:00:00Z,25479.94,25479.94,25472.27,25475.11
2026-09-28T01:00:00Z,2026-09-28T01:01:00Z,25475.1,25483.8,25474.85,25479.85
2026-09-28T01:01:00Z,2026-09-28T01:02:00Z,25481.1,25481.73,25474.94,25475.35
2026-09-28T01:02:00Z,2026-09-28T01:03:00Z,25475.94,25485.6,25472.27,25473.8
2026-09-28T01:03:00Z,2026-09-28T01:04:00Z,25473.94,25482.61,25470.25,25481.27
2026-09-28T01:04:00Z,2026-09-28T01:05:00Z,25481.1,25486.27,25478.1,25486.1
2026-09-28T01:05:00Z,2026-09-28T01:06:00Z,25485.85,25486.1,25472.27,25474.52
2026-09-28T01:06:00Z,2026-09-28T01:07:00Z,25474.6,25478.1,25470.94,25474.69
2026-09-28T01:07:00Z,2026-09-28T01:08:00Z,25474.48,25483.9,25472.6,25481.61
2026-09-28T01:08:00Z,2026-09-28T01:09:00Z,25481.6,25484.1,25478.48,25483.11
2026-09-28T01:09:00Z,2026-09-28T01:10:00Z,25482.69,25483.52,25476.31,25478.75
2026-09-28T01:10:00Z,2026-09-28T01:11:00Z,25479.1,25481.85,25474.6,25476.6
2026-09-28T01:11:00Z,2026-09-28T01:12:00Z,25475.68,25480.6,25475.6,25479.27
2026-09-28T01:12:00Z,2026-09-28T01:13:00Z,25479.6,25481.61,25477.27,25479.6
2026-09-28T01:13:00Z,2026-09-28T01:14:00Z,25479.27,25480.6,25473.94,25474.1
2026-09-28T01:14:00Z,2026-09-28T01:15:00Z,25473.85,25477.94,25473.6,25474.94
2026-09-28T01:15:00Z,2026-09-28T01:16:00Z,25475.1,25476.6,25469.35,25474.41
2026-09-28T01:16:00Z,2026-09-28T01:17:00Z,25473.61,25476.91,25472.1,25474.6
2026-09-28T01:17:00Z,2026-09-28T01:18:00Z,25474.27,25475.27,25470.1,25470.93
2026-09-28T01:18:00Z,2026-09-28T01:19:00Z,25471.1,25472.94,25469.27,25470.27
2026-09-28T01:19:00Z,2026-09-28T01:20:00Z,25470.27,25474.33,25469.69,25473.51
2026-09-28T01:20:00Z,2026-09-28T01:21:00Z,25473.72,25475.69,25471.59,25474.69
2026-09-28T01:21:00Z,2026-09-28T01:22:00Z,25474.94,25485.09,25474.6,25483.81
2026-09-28T01:22:00Z,2026-09-28T01:23:00Z,25483.65,25485.85,25477.2,25478.58
2026-09-28T01:23:00Z,2026-09-28T01:24:00Z,25477.37,25478.69,25473.34,25475.1
2026-09-28T01:24:00Z,2026-09-28T01:25:00Z,25474.69,25476.45,25470.75,25476.45
2026-09-28T01:25:00Z,2026-09-28T01:26:00Z,25476.45,25479.69,25473.23,25478.52
2026-09-28T01:26:00Z,2026-09-28T01:27:00Z,25478.6,25479.69,25475.52,25479.45
2026-09-28T01:27:00Z,2026-09-28T01:28:00Z,25477.6,25480.61,25474.52,25477.1
2026-09-28T01:28:00Z,2026-09-28T01:29:00Z,25477.11,25480.69,25476.52,25480.6
2026-09-28T01:29:00Z,2026-09-28T01:30:00Z,25480.6,25480.61,25475.98,25478.6
2026-09-28T01:30:00Z,2026-09-28T01:31:00Z,25478.1,25484.1,25477.7,25481.52
2026-09-28T01:31:00Z,2026-09-28T01:32:00Z,25482.1,25485.11,25481.1,25484.69
2026-09-28T01:32:00Z,2026-09-28T01:33:00Z,25484.48,25486.61,25482.1,25486.52
2026-09-28T01:33:00Z,2026-09-28T01:34:00Z,25486.52,25490.94,25486.11,25487.48
2026-09-28T01:34:00Z,2026-09-28T01:35:00Z,25487.48,25490.11,25486.35,25488.85
2026-09-28T01:35:00Z,2026-09-28T01:36:00Z,25489.1,25490.52,25482.36,25488.31
2026-09-28T01:36:00Z,2026-09-28T01:37:00Z,25488.3,25489,25485.6,25485.6
2026-09-28T01:37:00Z,2026-09-28T01:38:00Z,25485.9,25487.61,25484.52,25486.52
2026-09-28T01:38:00Z,2026-09-28T01:39:00Z,25486.1,25488.1,25484.1,25486.69
2026-09-28T01:39:00Z,2026-09-28T01:40:00Z,25486.69,25486.69,25483.35,25484.91
2026-09-28T01:40:00Z,2026-09-28T01:41:00Z,25484.9,25488.35,25481.52,25483.98
2026-09-28T01:41:00Z,2026-09-28T01:42:00Z,25484.61,25490.6,25479.85,25489.7
2026-09-28T01:42:00Z,2026-09-28T01:43:00Z,25489.05,25491.69,25485.68,25486.6
2026-09-28T01:43:00Z,2026-09-28T01:44:00Z,25486.1,25488.61,25483.6,25483.69
2026-09-28T01:44:00Z,2026-09-28T01:45:00Z,25484.1,25484.11,25480.48,25482.1
2026-09-28T01:45:00Z,2026-09-28T01:46:00Z,25481.6,25481.6,25475.52,25476.1
2026-09-28T01:46:00Z,2026-09-28T01:47:00Z,25476.11,25478.1,25471.85,25476.9
2026-09-28T01:47:00Z,2026-09-28T01:48:00Z,25476.52,25479.1,25474.48,25477.69
2026-09-28T01:48:00Z,2026-09-28T01:49:00Z,25477.69,25481.73,25473.3,25473.6
2026-09-28T01:49:00Z,2026-09-28T01:50:00Z,25473.52,25478.69,25470.85,25474.6
2026-09-28T01:50:00Z,2026-09-28T01:51:00Z,25474.6,25477.01,25469.94,25472.73
2026-09-28T01:51:00Z,2026-09-28T01:52:00Z,25472.61,25477.6,25471.1,25474.85
2026-09-28T01:52:00Z,2026-09-28T01:53:00Z,25475.3,25477.91,25471.11,25475.3
2026-09-28T01:53:00Z,2026-09-28T01:54:00Z,25474.85,25478.1,25474.52,25476.48
2026-09-28T01:54:00Z,2026-09-28T01:55:00Z,25476.6,25478.1,25470.1,25473.1
2026-09-28T01:55:00Z,2026-09-28T01:56:00Z,25473.11,25477.52,25472.85,25476.52
2026-09-28T01:56:00Z,2026-09-28T01:57:00Z,25476.73,25478.69,25473.3,25476.69
2026-09-28T01:57:00Z,2026-09-28T01:58:00Z,25476.48,25480.11,25473.69,25474.3
2026-09-28T01:58:00Z,2026-09-28T01:59:00Z,25474.52,25478.52,25473.6,25476.61
2026-09-28T01:59:00Z,2026-09-28T02:00:00Z,25476.11,25476.98,25471.6,25472.35
2026-09-28T02:00:00Z,2026-09-28T02:01:00Z,25471.52,25472.6,25464.3,25464.68
2026-09-28T02:01:00Z,2026-09-28T02:02:00Z,25464.69,25467.98,25459.76,25465.52
2026-09-28T02:02:00Z,2026-09-28T02:03:00Z,25465.3,25467.11,25461.4,25465.6
2026-09-28T02:03:00Z,2026-09-28T02:04:00Z,25465.3,25467.1,25460.1,25462.1
2026-09-28T02:04:00Z,2026-09-28T02:05:00Z,25461.61,25465.35,25459.52,25462.3
2026-09-28T02:05:00Z,2026-09-28T02:06:00Z,25462.6,25465.27,25458.23,25459.1
2026-09-28T02:06:00Z,2026-09-28T02:07:00Z,25458.85,25460.98,25451.6,25457.35
2026-09-28T02:07:00Z,2026-09-28T02:08:00Z,25457.1,25457.35,25448.6,25448.6
2026-09-28T02:08:00Z,2026-09-28T02:09:00Z,25448.27,25454.73,25444.94,25454.73
2026-09-28T02:09:00Z,2026-09-28T02:10:00Z,25454.6,25458.98,25453.6,25457.52
2026-09-28T02:10:00Z,2026-09-28T02:11:00Z,25457.1,25462.11,25455.68,25457.52
2026-09-28T02:11:00Z,2026-09-28T02:12:00Z,25457.73,25460.69,25453.52,25459.3
2026-09-28T02:12:00Z,2026-09-28T02:13:00Z,25459.52,25462.27,25456.6,25459.73
2026-09-28T02:13:00Z,2026-09-28T02:14:00Z,25460.35,25463.98,25458.52,25463.11
2026-09-28T02:14:00Z,2026-09-28T02:15:00Z,25463.1,25466.61,25460.27,25463.35
2026-09-28T02:15:00Z,2026-09-28T02:16:00Z,25463.35,25465.69,25459.85,25459.85
2026-09-28T02:16:00Z,2026-09-28T02:17:00Z,25460.1,25462.27,25458.1,25458.61
2026-09-28T02:17:00Z,2026-09-28T02:18:00Z,25458.6,25462.1,25457.85,25458.1
2026-09-28T02:18:00Z,2026-09-28T02:19:00Z,25457.85,25459.98,25455.23,25457.9
2026-09-28T02:19:00Z,2026-09-28T02:20:00Z,25457.68,25463.35,25457.48,25463.35
2026-09-28T02:20:00Z,2026-09-28T02:21:00Z,25463.1,25463.45,25458.3,25461.9
2026-09-28T02:21:00Z,2026-09-28T02:22:00Z,25461.6,25463.98,25459.6,25459.6
2026-09-28T02:22:00Z,2026-09-28T02:23:00Z,25459.52,25468.11,25456.55,25466.69
2026-09-28T02:23:00Z,2026-09-28T02:24:00Z,25466.69,25468.73,25465.3,25468.36
2026-09-28T02:24:00Z,2026-09-28T02:25:00Z,25468.36,25474.1,25467.6,25468.27
2026-09-28T02:25:00Z,2026-09-28T02:26:00Z,25468.6,25469.52,25467.1,25468.73
2026-09-28T02:26:00Z,2026-09-28T02:27:00Z,25468.73,25470.52,25467.27,25470.1
2026-09-28T02:27:00Z,2026-09-28T02:28:00Z,25469.85,25475.48,25469.85,25475.1
2026-09-28T02:28:00Z,2026-09-28T02:29:00Z,25475.35,25475.52,25471.68,25473.27
2026-09-28T02:29:00Z,2026-09-28T02:30:00Z,25473.27,25474.35,25470.48,25472.52
2026-09-28T02:30:00Z,2026-09-28T02:31:00Z,25472.1,25476.11,25469.69,25470.3
2026-09-28T02:31:00Z,2026-09-28T02:32:00Z,25470.48,25474.11,25470.3,25472.3
2026-09-28T02:32:00Z,2026-09-28T02:33:00Z,25472.48,25474.52,25472.1,25472.69
2026-09-28T02:33:00Z,2026-09-28T02:34:00Z,25472.68,25483.52,25472.48,25481.1
2026-09-28T02:34:00Z,2026-09-28T02:35:00Z,25481.1,25482.1,25479.11,25479.85
2026-09-28T02:35:00Z,2026-09-28T02:36:00Z,25478.6,25481.52,25476.48,25479.69
2026-09-28T02:36:00Z,2026-09-28T02:37:00Z,25479.6,25480.98,25475.6,25476.3
2026-09-28T02:37:00Z,2026-09-28T02:38:00Z,25476.3,25478.36,25474.48,25478.1
2026-09-28T02:38:00Z,2026-09-28T02:39:00Z,25477.6,25479.1,25474.1,25474.48
2026-09-28T02:39:00Z,2026-09-28T02:40:00Z,25474.35,25476.94,25473.1,25475.1
2026-09-28T02:40:00Z,2026-09-28T02:41:00Z,25475.11,25483.35,25473.85,25481.27
2026-09-28T02:41:00Z,2026-09-28T02:42:00Z,25480.1,25482.11,25477.68,25478.94
2026-09-28T02:42:00Z,2026-09-28T02:43:00Z,25478.94,25481.11,25477.85,25479.1
2026-09-28T02:43:00Z,2026-09-28T02:44:00Z,25480.1,25482.69,25479.6,25481.1
2026-09-28T02:44:00Z,2026-09-28T02:45:00Z,25479.85,25484.61,25479.85,25484.52
2026-09-28T02:45:00Z,2026-09-28T02:46:00Z,25484.1,25484.6,25478.48,25479.94
2026-09-28T02:46:00Z,2026-09-28T02:47:00Z,25480.52,25481.1,25478.3,25480.52
2026-09-28T02:47:00Z,2026-09-28T02:48:00Z,25480.3,25480.89,25476.6,25477.3
2026-09-28T02:48:00Z,2026-09-28T02:49:00Z,25476.85,25479.1,25473.19,25475.3
2026-09-28T02:49:00Z,2026-09-28T02:50:00Z,25474.6,25479.1,25474.6,25476.85
2026-09-28T02:50:00Z,2026-09-28T02:51:00Z,25477.1,25479.52,25475.69,25477.69
2026-09-28T02:51:00Z,2026-09-28T02:52:00Z,25478.1,25479.1,25473.85,25474.6
2026-09-28T02:52:00Z,2026-09-28T02:53:00Z,25474.73,25476.35,25472.6,25475.61
2026-09-28T02:53:00Z,2026-09-28T02:54:00Z,25475.69,25479.1,25473.86,25478.1
2026-09-28T02:54:00Z,2026-09-28T02:55:00Z,25477.6,25478.52,25476.1,25476.69
2026-09-28T02:55:00Z,2026-09-28T02:56:00Z,25476.69,25477.69,25468.1,25468.3
2026-09-28T02:56:00Z,2026-09-28T02:57:00Z,25467.85,25471.11,25467.1,25467.73
2026-09-28T02:57:00Z,2026-09-28T02:58:00Z,25467.73,25468.6,25466.68,25467.69
2026-09-28T02:58:00Z,2026-09-28T02:59:00Z,25467.6,25475.2,25467.1,25472.21
2026-09-28T02:59:00Z,2026-09-28T03:00:00Z,25472.1,25475.61,25471.7,25473.71
2026-09-28T03:00:00Z,2026-09-28T03:01:00Z,25473.7,25479.6,25473.7,25478.6
2026-09-28T03:01:00Z,2026-09-28T03:02:00Z,25478.61,25479.1,25475.1,25478.1
2026-09-28T03:02:00Z,2026-09-28T03:03:00Z,25478.27,25479.94,25473.1,25474.35
2026-09-28T03:03:00Z,2026-09-28T03:04:00Z,25474.36,25475.86,25471.6,25472.6
2026-09-28T03:04:00Z,2026-09-28T03:05:00Z,25472.94,25477.11,25472.68,25476.85
2026-09-28T03:05:00Z,2026-09-28T03:06:00Z,25476.85,25478.73,25473.48,25476.3
2026-09-28T03:06:00Z,2026-09-28T03:07:00Z,25475.85,25480.9,25474.48,25480.11
2026-09-28T03:07:00Z,2026-09-28T03:08:00Z,25480.1,25482.6,25478.52,25478.6
2026-09-28T03:08:00Z,2026-09-28T03:09:00Z,25478.94,25481.6,25478.94,25481.48
2026-09-28T03:09:00Z,2026-09-28T03:10:00Z,25481.48,25486.35,25478.85,25485.86
2026-09-28T03:10:00Z,2026-09-28T03:11:00Z,25485.85,25488.1,25485.35,25486.73
2026-09-28T03:11:00Z,2026-09-28T03:12:00Z,25486.95,25487.44,25481.27,25481.35
2026-09-28T03:12:00Z,2026-09-28T03:13:00Z,25481.1,25481.95,25477.27,25481.77
2026-09-28T03:13:00Z,2026-09-28T03:14:00Z,25481.77,25485.1,25481.73,25482.61
2026-09-28T03:14:00Z,2026-09-28T03:15:00Z,25482.6,25482.95,25477.61,25477.95
2026-09-28T03:15:00Z,2026-09-28T03:16:00Z,25477.95,25485.1,25476.86,25477.86
2026-09-28T03:16:00Z,2026-09-28T03:17:00Z,25477.94,25480.6,25475.11,25476.35
2026-09-28T03:17:00Z,2026-09-28T03:18:00Z,25476.61,25479.36,25475.1,25479.1
2026-09-28T03:18:00Z,2026-09-28T03:19:00Z,25478.85,25479.35,25476.35,25478.4
2026-09-28T03:19:00Z,2026-09-28T03:20:00Z,25478.4,25481.41,25474.1,25474.35
2026-09-28T03:20:00Z,2026-09-28T03:21:00Z,25474.6,25478.6,25472.11,25476.1
2026-09-28T03:21:00Z,2026-09-28T03:22:00Z,25475.85,25477.11,25473.1,25474.85
2026-09-28T03:22:00Z,2026-09-28T03:23:00Z,25474.85,25475.1,25471.1,25472.73
2026-09-28T03:23:00Z,2026-09-28T03:24:00Z,25472.73,25476.94,25472.73,25475.27
2026-09-28T03:24:00Z,2026-09-28T03:25:00Z,25475.6,25475.8,25467.4,25468.1
2026-09-28T03:25:00Z,2026-09-28T03:26:00Z,25468.1,25468.1,25464.85,25465.85
2026-09-28T03:26:00Z,2026-09-28T03:27:00Z,25466.1,25467.1,25463.73,25463.96
2026-09-28T03:27:00Z,2026-09-28T03:28:00Z,25463.73,25464.44,25461.6,25462.1
2026-09-28T03:28:00Z,2026-09-28T03:29:00Z,25462.1,25466.1,25462,25463.1
2026-09-28T03:29:00Z,2026-09-28T03:30:00Z,25463.1,25465.11,25461.5,25461.61
2026-09-28T03:30:00Z,2026-09-28T03:31:00Z,25461.51,25463.4,25455.43,25456.85
2026-09-28T03:31:00Z,2026-09-28T03:32:00Z,25456.1,25459.85,25454.1,25456.85
2026-09-28T03:32:00Z,2026-09-28T03:33:00Z,25456.73,25458.1,25453.1,25453.85
2026-09-28T03:33:00Z,2026-09-28T03:34:00Z,25454.1,25456.52,25450.85,25451.61
2026-09-28T03:34:00Z,2026-09-28T03:35:00Z,25451.48,25452.56,25448.6,25449.77
2026-09-28T03:35:00Z,2026-09-28T03:36:00Z,25449.6,25451.77,25447.86,25450.73
2026-09-28T03:36:00Z,2026-09-28T03:37:00Z,25450.1,25450.25,25445.61,25448.25
2026-09-28T03:37:00Z,2026-09-28T03:38:00Z,25448.26,25453.69,25442.6,25445.1
2026-09-28T03:38:00Z,2026-09-28T03:39:00Z,25444.99,25456.73,25444.44,25456.48
2026-09-28T03:39:00Z,2026-09-28T03:40:00Z,25456.36,25458.1,25453.1,25456.1
2026-09-28T03:40:00Z,2026-09-28T03:41:00Z,25455.6,25455.94,25449.1,25449.65
2026-09-28T03:41:00Z,2026-09-28T03:42:00Z,25449.65,25452.61,25448.6,25452.1
2026-09-28T03:42:00Z,2026-09-28T03:43:00Z,25452.35,25458.44,25451.1,25456.44
2026-09-28T03:43:00Z,2026-09-28T03:44:00Z,25457.27,25458.66,25456.6,25457.61
2026-09-28T03:44:00Z,2026-09-28T03:45:00Z,25457.6,25461.35,25457.6,25459.11
2026-09-28T03:45:00Z,2026-09-28T03:46:00Z,25459.1,25460.35,25456.6,25458.6
2026-09-28T03:46:00Z,2026-09-28T03:47:00Z,25458.85,25460.61,25455.95,25456.8
2026-09-28T03:47:00Z,2026-09-28T03:48:00Z,25456.85,25460.77,25456.35,25460.1
2026-09-28T03:48:00Z,2026-09-28T03:49:00Z,25460.25,25460.77,25458.1,25460.35
2026-09-28T03:49:00Z,2026-09-28T03:50:00Z,25460.36,25462.77,25456.77,25460.44
2026-09-28T03:50:00Z,2026-09-28T03:51:00Z,25460.35,25460.6,25457.85,25458.1
2026-09-28T03:51:00Z,2026-09-28T03:52:00Z,25458.11,25460.11,25453.44,25454.85
2026-09-28T03:52:00Z,2026-09-28T03:53:00Z,25455.1,25455.85,25452.85,25454.61
2026-09-28T03:53:00Z,2026-09-28T03:54:00Z,25454.61,25458.1,25453.85,25456.86
2026-09-28T03:54:00Z,2026-09-28T03:55:00Z,25457.11,25460.1,25455.6,25459.4
2026-09-28T03:55:00Z,2026-09-28T03:56:00Z,25459.6,25460.48,25453.6,25453.6
2026-09-28T03:56:00Z,2026-09-28T03:57:00Z,25453.61,25456.1,25453.1,25453.35
2026-09-28T03:57:00Z,2026-09-28T03:58:00Z,25453.1,25454.94,25451.85,25453.27
2026-09-28T03:58:00Z,2026-09-28T03:59:00Z,25453.61,25454.36,25450.8,25452.1
2026-09-28T03:59:00Z,2026-09-28T04:00:00Z,25452.2,25452.2,25446.8,25447.35
2026-09-28T04:00:00Z,2026-09-28T04:01:00Z,25447.94,25448.1,25441.1,25442.85
2026-09-28T04:01:00Z,2026-09-28T04:02:00Z,25442.86,25447.36,25440.85,25446.35
2026-09-28T04:02:00Z,2026-09-28T04:03:00Z,25446.35,25447.52,25444.27,25446.4
2026-09-28T04:03:00Z,2026-09-28T04:04:00Z,25446.4,25446.73,25444.61,25445.27
2026-09-28T04:04:00Z,2026-09-28T04:05:00Z,25445.27,25447.35,25445.1,25446.36
2026-09-28T04:05:00Z,2026-09-28T04:06:00Z,25446.36,25446.36,25439.44,25439.44
2026-09-28T04:06:00Z,2026-09-28T04:07:00Z,25439.44,25441.1,25435.27,25437.85
2026-09-28T04:07:00Z,2026-09-28T04:08:00Z,25437.85,25441.77,25437.6,25441.48
2026-09-28T04:08:00Z,2026-09-28T04:09:00Z,25441.35,25443.1,25440.85,25441.85
2026-09-28T04:09:00Z,2026-09-28T04:10:00Z,25441.86,25445.11,25440.85,25444.35
2026-09-28T04:10:00Z,2026-09-28T04:11:00Z,25444.1,25448.6,25444.1,25448.1
2026-09-28T04:11:00Z,2026-09-28T04:12:00Z,25448.35,25458.55,25446.85,25458.1
2026-09-28T04:12:00Z,2026-09-28T04:13:00Z,25458.25,25461.1,25458.25,25460.77
2026-09-28T04:13:00Z,2026-09-28T04:14:00Z,25460.6,25460.77,25455.95,25456.1
2026-09-28T04:14:00Z,2026-09-28T04:15:00Z,25455.95,25463.25,25455.95,25460.25
2026-09-28T04:15:00Z,2026-09-28T04:16:00Z,25460.43,25461.1,25458.73,25458.96
2026-09-28T04:16:00Z,2026-09-28T04:17:00Z,25459.11,25461.1,25457.6,25458.1
2026-09-28T04:17:00Z,2026-09-28T04:18:00Z,25458.1,25462.6,25458.1,25462.1
2026-09-28T04:18:00Z,2026-09-28T04:19:00Z,25462.35,25463.36,25461.11,25462.75
2026-09-28T04:19:00Z,2026-09-28T04:20:00Z,25462.75,25466.1,25461.11,25465.1
2026-09-28T04:20:00Z,2026-09-28T04:21:00Z,25464.85,25472.52,25464.85,25471.73
2026-09-28T04:21:00Z,2026-09-28T04:22:00Z,25471.65,25475.95,25470.85,25475.25
2026-09-28T04:22:00Z,2026-09-28T04:23:00Z,25473.3,25474.35,25471.43,25471.77
2026-09-28T04:23:00Z,2026-09-28T04:24:00Z,25471.77,25473.11,25470.65,25471.77
2026-09-28T04:24:00Z,2026-09-28T04:25:00Z,25471.6,25475.1,25470.1,25474.61
2026-09-28T04:25:00Z,2026-09-28T04:26:00Z,25474.48,25475.48,25468.1,25469.77
2026-09-28T04:26:00Z,2026-09-28T04:27:00Z,25469.6,25469.6,25464.85,25466.41
2026-09-28T04:27:00Z,2026-09-28T04:28:00Z,25466.41,25468.6,25465.27,25466.86
2026-09-28T04:28:00Z,2026-09-28T04:29:00Z,25467.11,25472.35,25467.11,25469.85
2026-09-28T04:29:00Z,2026-09-28T04:30:00Z,25470.1,25472.11,25469.1,25471.1
2026-09-28T04:30:00Z,2026-09-28T04:31:00Z,25471.1,25472.1,25470.02,25470.02
2026-09-28T04:31:00Z,2026-09-28T04:32:00Z,25470.02,25472.1,25470.02,25471.6
2026-09-28T04:32:00Z,2026-09-28T04:33:00Z,25471.44,25472.3,25468.95,25469.02
2026-09-28T04:33:00Z,2026-09-28T04:34:00Z,25469.02,25470.94,25465.1,25466.11
2026-09-28T04:34:00Z,2026-09-28T04:35:00Z,25466.1,25467.61,25463.6,25465.85
2026-09-28T04:35:00Z,2026-09-28T04:36:00Z,25465.86,25466.36,25463.6,25463.6
2026-09-28T04:36:00Z,2026-09-28T04:37:00Z,25463.6,25465.6,25462.6,25465.1
2026-09-28T04:37:00Z,2026-09-28T04:38:00Z,25464.85,25466.11,25463.6,25464.46
2026-09-28T04:38:00Z,2026-09-28T04:39:00Z,25464.65,25466.1,25464.6,25465.6
2026-09-28T04:39:00Z,2026-09-28T04:40:00Z,25465.6,25465.86,25464.4,25464.6
2026-09-28T04:40:00Z,2026-09-28T04:41:00Z,25464.8,25466.81,25464.4,25464.61
2026-09-28T04:41:00Z,2026-09-28T04:42:00Z,25464.81,25466.86,25463.35,25466.1
2026-09-28T04:42:00Z,2026-09-28T04:43:00Z,25466.2,25467.35,25465.1,25466.6
2026-09-28T04:43:00Z,2026-09-28T04:44:00Z,25466.6,25467.25,25465.8,25466.1
2026-09-28T04:44:00Z,2026-09-28T04:45:00Z,25466.27,25466.73,25463.48,25465.1
2026-09-28T04:45:00Z,2026-09-28T04:46:00Z,25464.8,25464.8,25460.6,25460.6
2026-09-28T04:46:00Z,2026-09-28T04:47:00Z,25460.73,25460.77,25460.1,25460.44
2026-09-28T04:47:00Z,2026-09-28T04:48:00Z,25460.1,25460.6,25456.73,25458.1
2026-09-28T04:48:00Z,2026-09-28T04:49:00Z,25458.19,25459.61,25456.6,25457.73
2026-09-28T04:49:00Z,2026-09-28T04:50:00Z,25457.85,25459.35,25456.85,25457.35
2026-09-28T04:50:00Z,2026-09-28T04:51:00Z,25457.35,25462.85,25457.35,25462.27
2026-09-28T04:51:00Z,2026-09-28T04:52:00Z,25462.85,25463.11,25460.96,25461.6
2026-09-28T04:52:00Z,2026-09-28T04:53:00Z,25461.44,25463.85,25461.3,25463.1
2026-09-28T04:53:00Z,2026-09-28T04:54:00Z,25463.1,25463.86,25462.85,25463.35
2026-09-28T04:54:00Z,2026-09-28T04:55:00Z,25463.4,25463.6,25460.98,25461.3
2026-09-28T04:55:00Z,2026-09-28T04:56:00Z,25461.1,25461.35,25459.98,25460.1
2026-09-28T04:56:00Z,2026-09-28T04:57:00Z,25460.3,25461.5,25460.1,25460.35
2026-09-28T04:57:00Z,2026-09-28T04:58:00Z,25460.5,25461.77,25460.31,25460.31
2026-09-28T04:58:00Z,2026-09-28T04:59:00Z,25460.11,25460.11,25457.35,25459.1
2026-09-28T04:59:00Z,2026-09-28T05:00:00Z,25459.35,25459.35,25455.11,25456.73
2026-09-28T05:00:00Z,2026-09-28T05:01:00Z,25456.61,25465.85,25454.95,25464.4
2026-09-28T05:01:00Z,2026-09-28T05:02:00Z,25464.73,25472.1,25464.4,25469.6
2026-09-28T05:02:00Z,2026-09-28T05:03:00Z,25469.77,25471.35,25466.6,25470.85
2026-09-28T05:03:00Z,2026-09-28T05:04:00Z,25470.93,25471.86,25465.1,25465.4
2026-09-28T05:04:00Z,2026-09-28T05:05:00Z,25465.35,25467.1,25463.1,25465.85
2026-09-28T05:05:00Z,2026-09-28T05:06:00Z,25465.1,25466.11,25460.85,25460.85
2026-09-28T05:06:00Z,2026-09-28T05:07:00Z,25461.1,25461.94,25455.27,25455.85
2026-09-28T05:07:00Z,2026-09-28T05:08:00Z,25455.85,25459.35,25454.1,25458.11
2026-09-28T05:08:00Z,2026-09-28T05:09:00Z,25457.81,25458.1,25454.6,25455.27
2026-09-28T05:09:00Z,2026-09-28T05:10:00Z,25455.6,25457.61,25454.1,25455.27
2026-09-28T05:10:00Z,2026-09-28T05:11:00Z,25455.6,25458.6,25452.1,25455.1
2026-09-28T05:11:00Z,2026-09-28T05:12:00Z,25454.48,25454.48,25448.43,25448.43
2026-09-28T05:12:00Z,2026-09-28T05:13:00Z,25448.44,25452.1,25448.43,25448.6
2026-09-28T05:13:00Z,2026-09-28T05:14:00Z,25448.6,25450.1,25443.94,25445.6
2026-09-28T05:14:00Z,2026-09-28T05:15:00Z,25445.35,25449.6,25443.85,25447.85
2026-09-28T05:15:00Z,2026-09-28T05:16:00Z,25448.1,25451.86,25448.1,25451.35
2026-09-28T05:16:00Z,2026-09-28T05:17:00Z,25451.6,25452.86,25449.6,25450.1
2026-09-28T05:17:00Z,2026-09-28T05:18:00Z,25450.25,25451.1,25442.1,25444.6
2026-09-28T05:18:00Z,2026-09-28T05:19:00Z,25443.1,25443.94,25437.89,25440.44
2026-09-28T05:19:00Z,2026-09-28T05:20:00Z,25440.6,25442.21,25438.6,25441.56
2026-09-28T05:20:00Z,2026-09-28T05:21:00Z,25441.55,25442.27,25434.6,25434.86
2026-09-28T05:21:00Z,2026-09-28T05:22:00Z,25435.35,25442.73,25434.35,25438.6
2026-09-28T05:22:00Z,2026-09-28T05:23:00Z,25438.6,25439.35,25434.6,25434.77
2026-09-28T05:23:00Z,2026-09-28T05:24:00Z,25435.35,25441.61,25434.1,25441.11
2026-09-28T05:24:00Z,2026-09-28T05:25:00Z,25440.86,25442.6,25437.1,25439.8
2026-09-28T05:25:00Z,2026-09-28T05:26:00Z,25439.6,25444.85,25438.85,25441.61
2026-09-28T05:26:00Z,2026-09-28T05:27:00Z,25441.36,25442.61,25440.1,25442.1
2026-09-28T05:27:00Z,2026-09-28T05:28:00Z,25441.95,25444.6,25440.1,25442.6
2026-09-28T05:28:00Z,2026-09-28T05:29:00Z,25442.61,25446.36,25442.1,25444.36
2026-09-28T05:29:00Z,2026-09-28T05:30:00Z,25444.11,25444.36,25437.11,25442.1
2026-09-28T05:30:00Z,2026-09-28T05:31:00Z,25441.85,25444.85,25435.1,25439.73
2026-09-28T05:31:00Z,2026-09-28T05:32:00Z,25439.35,25441.11,25434.1,25434.35
2026-09-28T05:32:00Z,2026-09-28T05:33:00Z,25434.1,25442.77,25434.1,25442.77
2026-09-28T05:33:00Z,2026-09-28T05:34:00Z,25442.1,25449.11,25436.1,25437.27
2026-09-28T05:34:00Z,2026-09-28T05:35:00Z,25437.6,25445.11,25437.6,25440.5
2026-09-28T05:35:00Z,2026-09-28T05:36:00Z,25440.6,25450.11,25440.5,25443.6
2026-09-28T05:36:00Z,2026-09-28T05:37:00Z,25443.35,25444.86,25440.43,25442.94
2026-09-28T05:37:00Z,2026-09-28T05:38:00Z,25443.1,25446.1,25442.1,25442.41
2026-09-28T05:38:00Z,2026-09-28T05:39:00Z,25442.4,25444.11,25434.27,25434.85
2026-09-28T05:39:00Z,2026-09-28T05:40:00Z,25434.85,25440.1,25433.6,25434.95
2026-09-28T05:40:00Z,2026-09-28T05:41:00Z,25435.1,25437.77,25431.44,25437.77
2026-09-28T05:41:00Z,2026-09-28T05:42:00Z,25437.85,25438.61,25431.6,25432.6
2026-09-28T05:42:00Z,2026-09-28T05:43:00Z,25433.1,25435.77,25431.6,25434.44
2026-09-28T05:43:00Z,2026-09-28T05:44:00Z,25434.11,25434.36,25428.35,25430.6
2026-09-28T05:44:00Z,2026-09-28T05:45:00Z,25429.27,25433.35,25425.6,25429.6
2026-09-28T05:45:00Z,2026-09-28T05:46:00Z,25429.8,25432.85,25425.35,25425.73
2026-09-28T05:46:00Z,2026-09-28T05:47:00Z,25425.96,25428.35,25419.77,25424.27
2026-09-28T05:47:00Z,2026-09-28T05:48:00Z,25424.94,25426.85,25419.95,25426.28
2026-09-28T05:48:00Z,2026-09-28T05:49:00Z,25426.1,25429.11,25423.27,25426.8
2026-09-28T05:49:00Z,2026-09-28T05:50:00Z,25426.81,25430.73,25424.6,25430.35
2026-09-28T05:50:00Z,2026-09-28T05:51:00Z,25430.1,25432.85,25429.1,25430.1
2026-09-28T05:51:00Z,2026-09-28T05:52:00Z,25430.6,25431.1,25423.94,25426.94
2026-09-28T05:52:00Z,2026-09-28T05:53:00Z,25427.1,25427.35,25422.35,25426.6
2026-09-28T05:53:00Z,2026-09-28T05:54:00Z,25426.61,25429.6,25425.27,25426.93
2026-09-28T05:54:00Z,2026-09-28T05:55:00Z,25426.94,25434.35,25426.61,25432.94
2026-09-28T05:55:00Z,2026-09-28T05:56:00Z,25432.6,25436.1,25431.6,25435.6
2026-09-28T05:56:00Z,2026-09-28T05:57:00Z,25435.94,25442.73,25434.94,25441.94
2026-09-28T05:57:00Z,2026-09-28T05:58:00Z,25441.6,25445.1,25437.35,25443.27
2026-09-28T05:58:00Z,2026-09-28T05:59:00Z,25443.1,25448.27,25441.27,25448.27
2026-09-28T05:59:00Z,2026-09-28T06:00:00Z,25447.69,25449.36,25444.27,25447.94
2026-09-28T06:00:00Z,2026-09-28T06:01:00Z,25448.1,25459.67,25442.1,25445.78
2026-09-28T06:01:00Z,2026-09-28T06:02:00Z,25445.73,25456.6,25443.5,25443.96
2026-09-28T06:02:00Z,2026-09-28T06:03:00Z,25444.11,25446.44,25432.21,25432.21
2026-09-28T06:03:00Z,2026-09-28T06:04:00Z,25432.11,25432.19,25425.77,25428.77
2026-09-28T06:04:00Z,2026-09-28T06:05:00Z,25428.6,25434.6,25420.95,25421.77
2026-09-28T06:05:00Z,2026-09-28T06:06:00Z,25421.6,25427.98,25414.35,25425.11
2026-09-28T06:06:00Z,2026-09-28T06:07:00Z,25425.44,25430.11,25421.25,25426.95
2026-09-28T06:07:00Z,2026-09-28T06:08:00Z,25427.1,25438.6,25426.85,25437.6
2026-09-28T06:08:00Z,2026-09-28T06:09:00Z,25437.55,25444.44,25436.85,25442.85
2026-09-28T06:09:00Z,2026-09-28T06:10:00Z,25442.7,25450.48,25440.55,25444.61
2026-09-28T06:10:00Z,2026-09-28T06:11:00Z,25444.77,25451.73,25443.94,25450.48
2026-09-28T06:11:00Z,2026-09-28T06:12:00Z,25450.6,25458.1,25450.6,25455.65
2026-09-28T06:12:00Z,2026-09-28T06:13:00Z,25456.1,25458.6,25453.77,25457.25
2026-09-28T06:13:00Z,2026-09-28T06:14:00Z,25457.43,25457.43,25447.44,25447.44
2026-09-28T06:14:00Z,2026-09-28T06:15:00Z,25447.44,25453.1,25443.35,25453.1
2026-09-28T06:15:00Z,2026-09-28T06:16:00Z,25453.25,25453.25,25444.6,25447.6
2026-09-28T06:16:00Z,2026-09-28T06:17:00Z,25447.77,25454.6,25447.1,25453.44
2026-09-28T06:17:00Z,2026-09-28T06:18:00Z,25453.61,25454,25442.43,25442.48
2026-09-28T06:18:00Z,2026-09-28T06:19:00Z,25442.44,25442.6,25432.35,25433.1
2026-09-28T06:19:00Z,2026-09-28T06:20:00Z,25432.44,25432.44,25426.43,25430.85
2026-09-28T06:20:00Z,2026-09-28T06:21:00Z,25430.86,25432.35,25422.02,25422.77
2026-09-28T06:21:00Z,2026-09-28T06:22:00Z,25422.6,25423.77,25415.7,25420.77
2026-09-28T06:22:00Z,2026-09-28T06:23:00Z,25420.6,25420.6,25412.35,25417.44
2026-09-28T06:23:00Z,2026-09-28T06:24:00Z,25417.6,25419.6,25408.85,25419.35
2026-09-28T06:24:00Z,2026-09-28T06:25:00Z,25419.1,25420.44,25404.35,25404.6
2026-09-28T06:25:00Z,2026-09-28T06:26:00Z,25404.43,25406.6,25392.6,25395.6
2026-09-28T06:26:00Z,2026-09-28T06:27:00Z,25395.61,25405.19,25393.35,25401.6
2026-09-28T06:27:00Z,2026-09-28T06:28:00Z,25401.36,25405.11,25398.02,25398.1
2026-09-28T06:28:00Z,2026-09-28T06:29:00Z,25398.6,25402.77,25391.35,25397.11
2026-09-28T06:29:00Z,2026-09-28T06:30:00Z,25397,25404.95,25395.44,25404.25
2026-09-28T06:30:00Z,2026-09-28T06:31:00Z,25404.26,25404.61,25396.35,25404.44
2026-09-28T06:31:00Z,2026-09-28T06:32:00Z,25404.35,25417.1,25404.35,25413.11
2026-09-28T06:32:00Z,2026-09-28T06:33:00Z,25413.26,25416.77,25410.11,25413.6
2026-09-28T06:33:00Z,2026-09-28T06:34:00Z,25413.36,25414.1,25405.73,25406.95
2026-09-28T06:34:00Z,2026-09-28T06:35:00Z,25406.73,25411.43,25403.55,25409.25
2026-09-28T06:35:00Z,2026-09-28T06:36:00Z,25409.1,25416.1,25409.1,25413.44
2026-09-28T06:36:00Z,2026-09-28T06:37:00Z,25413.73,25419,25407.85,25408.95
2026-09-28T06:37:00Z,2026-09-28T06:38:00Z,25409.35,25412.44,25408.1,25412.35
2026-09-28T06:38:00Z,2026-09-28T06:39:00Z,25412.1,25419.78,25409.1,25419.1
2026-09-28T06:39:00Z,2026-09-28T06:40:00Z,25418.85,25419.61,25413.35,25418.35
2026-09-28T06:40:00Z,2026-09-28T06:41:00Z,25418.1,25426.77,25416.1,25421.6
2026-09-28T06:41:00Z,2026-09-28T06:42:00Z,25421.7,25422.85,25416.44,25421.25
2026-09-28T06:42:00Z,2026-09-28T06:43:00Z,25421.48,25428.1,25420.44,25420.44
2026-09-28T06:43:00Z,2026-09-28T06:44:00Z,25420.36,25421.95,25414.86,25416.35
2026-09-28T06:44:00Z,2026-09-28T06:45:00Z,25416.6,25417.11,25407.77,25407.77
2026-09-28T06:45:00Z,2026-09-28T06:46:00Z,25407.6,25410.7,25401.77,25409.85
2026-09-28T06:46:00Z,2026-09-28T06:47:00Z,25409.86,25418.48,25407.86,25414.77
2026-09-28T06:47:00Z,2026-09-28T06:48:00Z,25414.86,25419.6,25410.6,25418.1
2026-09-28T06:48:00Z,2026-09-28T06:49:00Z,25417.95,25422.1,25413.1,25419.25
2026-09-28T06:49:00Z,2026-09-28T06:50:00Z,25419.44,25422.35,25415.6,25420.77
2026-09-28T06:50:00Z,2026-09-28T06:51:00Z,25420.85,25424.6,25416.05,25417.21
2026-09-28T06:51:00Z,2026-09-28T06:52:00Z,25417.1,25421.77,25414.6,25419.44
2026-09-28T06:52:00Z,2026-09-28T06:53:00Z,25419.44,25429.44,25418.44,25428.25
2026-09-28T06:53:00Z,2026-09-28T06:54:00Z,25428.43,25441.44,25427.1,25435.44
2026-09-28T06:54:00Z,2026-09-28T06:55:00Z,25435.6,25437.61,25423.73,25425.77
2026-09-28T06:55:00Z,2026-09-28T06:56:00Z,25425.95,25434.36,25425.95,25426.35
2026-09-28T06:56:00Z,2026-09-28T06:57:00Z,25426.35,25433.77,25423.6,25428.44
2026-09-28T06:57:00Z,2026-09-28T06:58:00Z,25428.6,25432.61,25424.44,25430.44
2026-09-28T06:58:00Z,2026-09-28T06:59:00Z,25430.48,25446.77,25430.21,25440.85
2026-09-28T06:59:00Z,2026-09-28T07:00:00Z,25440.85,25452.86,25440.1,25448.77
2026-09-28T07:00:00Z,2026-09-28T07:01:00Z,25447.73,25485.35,25434.6,25484.85
2026-09-28T07:01:00Z,2026-09-28T07:02:00Z,25484.6,25487.48,25447.36,25448.85
2026-09-28T07:02:00Z,2026-09-28T07:03:00Z,25449.1,25450.44,25433.73,25435.6
2026-09-28T07:03:00Z,2026-09-28T07:04:00Z,25435.43,25441.77,25424.25,25424.9
2026-09-28T07:04:00Z,2026-09-28T07:05:00Z,25424.94,25425.11,25410.25,25420.25
2026-09-28T07:05:00Z,2026-09-28T07:06:00Z,25420.48,25420.48,25405.6,25407.48
2026-09-28T07:06:00Z,2026-09-28T07:07:00Z,25407.6,25415.25,25401.36,25414.77
2026-09-28T07:07:00Z,2026-09-28T07:08:00Z,25414.61,25421.77,25404.85,25409.6
2026-09-28T07:08:00Z,2026-09-28T07:09:00Z,25409.48,25419.73,25407.73,25412.42
2026-09-28T07:09:00Z,2026-09-28T07:10:00Z,25412.44,25436.26,25412.44,25430.35
2026-09-28T07:10:00Z,2026-09-28T07:11:00Z,25430.25,25442.25,25422.3,25439.35
2026-09-28T07:11:00Z,2026-09-28T07:12:00Z,25439.48,25452.04,25437.48,25450.61
2026-09-28T07:12:00Z,2026-09-28T07:13:00Z,25450.45,25453.74,25431.1,25437.1
2026-09-28T07:13:00Z,2026-09-28T07:14:00Z,25436.9,25441.77,25425.85,25426.43
2026-09-28T07:14:00Z,2026-09-28T07:15:00Z,25426.1,25428.61,25416.1,25423.77
2026-09-28T07:15:00Z,2026-09-28T07:16:00Z,25423.85,25433.6,25415.35,25426.1
2026-09-28T07:16:00Z,2026-09-28T07:17:00Z,25426.35,25427.85,25414.6,25421.43
2026-09-28T07:17:00Z,2026-09-28T07:18:00Z,25421.6,25425.1,25413.48,25416.48
2026-09-28T07:18:00Z,2026-09-28T07:19:00Z,25416.6,25429.1,25413.25,25426.61
2026-09-28T07:19:00Z,2026-09-28T07:20:00Z,25426.6,25430.77,25421.15,25424.77
2026-09-28T07:20:00Z,2026-09-28T07:21:00Z,25423.77,25432.56,25414.1,25432.56
2026-09-28T07:21:00Z,2026-09-28T07:22:00Z,25432.61,25433.11,25405.7,25409.59
2026-09-28T07:22:00Z,2026-09-28T07:23:00Z,25409.43,25409.43,25392.77,25393.11
2026-09-28T07:23:00Z,2026-09-28T07:24:00Z,25393.26,25416.44,25393.26,25410.11
2026-09-28T07:24:00Z,2026-09-28T07:25:00Z,25409.96,25421.1,25408.9,25409.42
2026-09-28T07:25:00Z,2026-09-28T07:26:00Z,25409.35,25437.35,25406.42,25430.35
2026-09-28T07:26:00Z,2026-09-28T07:27:00Z,25430.3,25431.77,25411.02,25413.85
2026-09-28T07:27:00Z,2026-09-28T07:28:00Z,25413.77,25413.85,25405.3,25409.44
2026-09-28T07:28:00Z,2026-09-28T07:29:00Z,25409.6,25419.6,25403.6,25405.44
2026-09-28T07:29:00Z,2026-09-28T07:30:00Z,25405.6,25424.11,25403.35,25423.61
2026-09-28T07:30:00Z,2026-09-28T07:31:00Z,25424.11,25429.29,25408.35,25413.1
2026-09-28T07:31:00Z,2026-09-28T07:32:00Z,25412.95,25421.6,25406.77,25408.11
2026-09-28T07:32:00Z,2026-09-28T07:33:00Z,25407.77,25416.6,25405.44,25415.6
2026-09-28T07:33:00Z,2026-09-28T07:34:00Z,25415.77,25424.36,25408.85,25417.6
2026-09-28T07:34:00Z,2026-09-28T07:35:00Z,25417.85,25418.77,25407.01,25417.55
2026-09-28T07:35:00Z,2026-09-28T07:36:00Z,25416.6,25420.96,25411.48,25417.85
2026-09-28T07:36:00Z,2026-09-28T07:37:00Z,25418.44,25432.85,25417.77,25432.1
2026-09-28T07:37:00Z,2026-09-28T07:38:00Z,25431.85,25433.85,25420.6,25423.25
2026-09-28T07:38:00Z,2026-09-28T07:39:00Z,25423.1,25424.85,25406.95,25414.61
2026-09-28T07:39:00Z,2026-09-28T07:40:00Z,25414.6,25425.77,25412.85,25420.6
2026-09-28T07:40:00Z,2026-09-28T07:41:00Z,25420.85,25438.92,25419.51,25434.77
2026-09-28T07:41:00Z,2026-09-28T07:42:00Z,25434.6,25439.77,25430.44,25431.44
2026-09-28T07:42:00Z,2026-09-28T07:43:00Z,25431.6,25432.6,25413.55,25418.25
2026-09-28T07:43:00Z,2026-09-28T07:44:00Z,25418.1,25421.6,25407.44,25408.25
2026-09-28T07:44:00Z,2026-09-28T07:45:00Z,25408.1,25408.6,25394.6,25397.7
2026-09-28T07:45:00Z,2026-09-28T07:46:00Z,25397.77,25414.85,25397.77,25412.6
2026-09-28T07:46:00Z,2026-09-28T07:47:00Z,25412.44,25421.6,25411.44,25417.85
2026-09-28T07:47:00Z,2026-09-28T07:48:00Z,25418.1,25424.77,25414.44,25414.61
2026-09-28T07:48:00Z,2026-09-28T07:49:00Z,25414.77,25419.6,25408.29,25414.35
2026-09-28T07:49:00Z,2026-09-28T07:50:00Z,25414.3,25431.05,25410.36,25426.7
2026-09-28T07:50:00Z,2026-09-28T07:51:00Z,25426.85,25431.82,25425.1,25426.44
2026-09-28T07:51:00Z,2026-09-28T07:52:00Z,25427.1,25441.6,25425.77,25440.1
2026-09-28T07:52:00Z,2026-09-28T07:53:00Z,25440,25442.6,25427.85,25430.44
2026-09-28T07:53:00Z,2026-09-28T07:54:00Z,25430.6,25441.92,25424.1,25440.36
2026-09-28T07:54:00Z,2026-09-28T07:55:00Z,25440.35,25461.9,25439.27,25461
2026-09-28T07:55:00Z,2026-09-28T07:56:00Z,25461.11,25466.77,25452.35,25462.86
2026-09-28T07:56:00Z,2026-09-28T07:57:00Z,25463.26,25472.85,25461.61,25466.43
2026-09-28T07:57:00Z,2026-09-28T07:58:00Z,25466.44,25468.96,25456.7,25458.44
2026-09-28T07:58:00Z,2026-09-28T07:59:00Z,25458.6,25465.11,25451.1,25460.91
2026-09-28T07:59:00Z,2026-09-28T08:00:00Z,25460.86,25465.77,25459.6,25461.77
2026-09-28T08:00:00Z,2026-09-28T08:01:00Z,25461.6,25464.11,25452.6,25454.73
2026-09-28T08:01:00Z,2026-09-28T08:02:00Z,25454.95,25462.1,25452.44,25458.55
2026-09-28T08:02:00Z,2026-09-28T08:03:00Z,25458.6,25463.95,25449.44,25460.73
2026-09-28T08:03:00Z,2026-09-28T08:04:00Z,25460.95,25462.11,25441.52,25443.1
2026-09-28T08:04:00Z,2026-09-28T08:05:00Z,25443.5,25449.25,25440.77,25446.77
2026-09-28T08:05:00Z,2026-09-28T08:06:00Z,25446.85,25451.1,25444.5,25446.35
2026-09-28T08:06:00Z,2026-09-28T08:07:00Z,25446.44,25455.11,25444.77,25447.77
2026-09-28T08:07:00Z,2026-09-28T08:08:00Z,25447.6,25460.6,25446.6,25456.35
2026-09-28T08:08:00Z,2026-09-28T08:09:00Z,25456.3,25477.77,25456.3,25475.11
2026-09-28T08:09:00Z,2026-09-28T08:10:00Z,25475.26,25483.6,25474.44,25476.1
2026-09-28T08:10:00Z,2026-09-28T08:11:00Z,25476.35,25481.1,25473.35,25477.61
2026-09-28T08:11:00Z,2026-09-28T08:12:00Z,25477.6,25494.36,25472.35,25490.99
2026-09-28T08:12:00Z,2026-09-28T08:13:00Z,25491.1,25492.44,25475.9,25477.95
2026-09-28T08:13:00Z,2026-09-28T08:14:00Z,25478.1,25482.1,25473.21,25477.85
2026-09-28T08:14:00Z,2026-09-28T08:15:00Z,25477.77,25495.91,25476.6,25495.36
2026-09-28T08:15:00Z,2026-09-28T08:16:00Z,25495.41,25502.44,25491.21,25492.77
2026-09-28T08:16:00Z,2026-09-28T08:17:00Z,25492.43,25502.51,25491.9,25499.95
2026-09-28T08:17:00Z,2026-09-28T08:18:00Z,25500.1,25505.44,25488.21,25492.6
2026-09-28T08:18:00Z,2026-09-28T08:19:00Z,25493.1,25504.98,25492.35,25493.91
2026-09-28T08:19:00Z,2026-09-28T08:20:00Z,25493.9,25494.85,25487.35,25492.3
2026-09-28T08:20:00Z,2026-09-28T08:21:00Z,25492.31,25497.86,25490.6,25492.1
2026-09-28T08:21:00Z,2026-09-28T08:22:00Z,25492.19,25493.35,25478.35,25487.77
2026-09-28T08:22:00Z,2026-09-28T08:23:00Z,25487.85,25490.77,25479.1,25487.1
2026-09-28T08:23:00Z,2026-09-28T08:24:00Z,25487.25,25487.86,25473.48,25477.35
2026-09-28T08:24:00Z,2026-09-28T08:25:00Z,25477.1,25480.6,25472.3,25478.3
2026-09-28T08:25:00Z,2026-09-28T08:26:00Z,25478.1,25483.77,25475.35,25483.1
2026-09-28T08:26:00Z,2026-09-28T08:27:00Z,25482.9,25500.92,25482.21,25496.77
2026-09-28T08:27:00Z,2026-09-28T08:28:00Z,25496.85,25500.35,25494.35,25496.77
2026-09-28T08:28:00Z,2026-09-28T08:29:00Z,25497.21,25507.77,25494.44,25503.85
2026-09-28T08:29:00Z,2026-09-28T08:30:00Z,25503.77,25508.91,25497.44,25508.36
2026-09-28T08:30:00Z,2026-09-28T08:31:00Z,25507.96,25509.1,25495.35,25496.43
2026-09-28T08:31:00Z,2026-09-28T08:32:00Z,25496.44,25500.02,25480.6,25487.6
2026-09-28T08:32:00Z,2026-09-28T08:33:00Z,25487.44,25487.44,25474.6,25478.35
2026-09-28T08:33:00Z,2026-09-28T08:34:00Z,25478.25,25481.43,25470.29,25473.43
2026-09-28T08:34:00Z,2026-09-28T08:35:00Z,25473.44,25474.77,25465.44,25471.44
2026-09-28T08:35:00Z,2026-09-28T08:36:00Z,25471.6,25471.6,25457.3,25458.3
2026-09-28T08:36:00Z,2026-09-28T08:37:00Z,25458.35,25461.31,25454.1,25455.3
2026-09-28T08:37:00Z,2026-09-28T08:38:00Z,25455.1,25455.86,25441.35,25442.35
2026-09-28T08:38:00Z,2026-09-28T08:39:00Z,25442.3,25442.35,25432.11,25435.02
2026-09-28T08:39:00Z,2026-09-28T08:40:00Z,25435.1,25442.86,25426.3,25442.86
2026-09-28T08:40:00Z,2026-09-28T08:41:00Z,25443,25463.92,25439.29,25460.78
2026-09-28T08:41:00Z,2026-09-28T08:42:00Z,25460.85,25465.95,25457.73,25462.73
2026-09-28T08:42:00Z,2026-09-28T08:43:00Z,25462.6,25470.25,25460.44,25468.73
2026-09-28T08:43:00Z,2026-09-28T08:44:00Z,25468.85,25469.6,25460.95,25461.44
2026-09-28T08:44:00Z,2026-09-28T08:45:00Z,25461.43,25468.61,25458.42,25467.61
2026-09-28T08:45:00Z,2026-09-28T08:46:00Z,25467.6,25468.1,25455.21,25458.1
2026-09-28T08:46:00Z,2026-09-28T08:47:00Z,25457.95,25465.77,25450.43,25460.1
2026-09-28T08:47:00Z,2026-09-28T08:48:00Z,25459.95,25473.65,25459.42,25466.44
2026-09-28T08:48:00Z,2026-09-28T08:49:00Z,25466.6,25467.77,25456.6,25457.6
2026-09-28T08:49:00Z,2026-09-28T08:50:00Z,25457.44,25468.35,25456.35,25467.73
2026-09-28T08:50:00Z,2026-09-28T08:51:00Z,25467.65,25481.6,25466.65,25479.35
2026-09-28T08:51:00Z,2026-09-28T08:52:00Z,25479.43,25480.77,25470.43,25473.6
2026-09-28T08:52:00Z,2026-09-28T08:53:00Z,25473.77,25475.85,25455.36,25461.96
2026-09-28T08:53:00Z,2026-09-28T08:54:00Z,25461.95,25466.25,25458.35,25465.35
2026-09-28T08:54:00Z,2026-09-28T08:55:00Z,25465.1,25466.11,25457.4,25458.48
2026-09-28T08:55:00Z,2026-09-28T08:56:00Z,25458.8,25464.55,25453.35,25453.35
2026-09-28T08:56:00Z,2026-09-28T08:57:00Z,25453.1,25455.77,25445.6,25448.6
2026-09-28T08:57:00Z,2026-09-28T08:58:00Z,25448.44,25454.77,25447.95,25453.35
2026-09-28T08:58:00Z,2026-09-28T08:59:00Z,25453.44,25453.77,25438.96,25442.19
2026-09-28T08:59:00Z,2026-09-28T09:00:00Z,25442.1,25444.36,25434.91,25435.21
2026-09-28T09:00:00Z,2026-09-28T09:01:00Z,25434.44,25455.61,25432.43,25450.73
2026-09-28T09:01:00Z,2026-09-28T09:02:00Z,25450.95,25458.1,25446.95,25447.86
2026-09-28T09:02:00Z,2026-09-28T09:03:00Z,25447.85,25447.85,25427.61,25427.9
2026-09-28T09:03:00Z,2026-09-28T09:04:00Z,25428.1,25428.43,25414.23,25415.35
2026-09-28T09:04:00Z,2026-09-28T09:05:00Z,25415.6,25416.1,25408.1,25413
2026-09-28T09:05:00Z,2026-09-28T09:06:00Z,25412.85,25415.7,25404.6,25406.82
2026-09-28T09:06:00Z,2026-09-28T09:07:00Z,25406.94,25406.94,25395.36,25395.77
2026-09-28T09:07:00Z,2026-09-28T09:08:00Z,25395.9,25410.99,25395.67,25402.77
2026-09-28T09:08:00Z,2026-09-28T09:09:00Z,25402.85,25404.11,25388.6,25391.26
2026-09-28T09:09:00Z,2026-09-28T09:10:00Z,25391.25,25392.6,25386.27,25387.52
2026-09-28T09:10:00Z,2026-09-28T09:11:00Z,25387.66,25388.21,25375.02,25380.6
2026-09-28T09:11:00Z,2026-09-28T09:12:00Z,25380.77,25390.43,25376.25,25376.35
2026-09-28T09:12:00Z,2026-09-28T09:13:00Z,25376.55,25381.7,25374.98,25378.35
2026-09-28T09:13:00Z,2026-09-28T09:14:00Z,25378.6,25384.39,25375.86,25382.86
2026-09-28T09:14:00Z,2026-09-28T09:15:00Z,25382.77,25387.35,25377.6,25379.6
2026-09-28T09:15:00Z,2026-09-28T09:16:00Z,25379.77,25383.44,25370.44,25370.44
2026-09-28T09:16:00Z,2026-09-28T09:17:00Z,25370.6,25374.19,25365.19,25371.44
2026-09-28T09:17:00Z,2026-09-28T09:18:00Z,25371.35,25382.6,25371,25380.6
2026-09-28T09:18:00Z,2026-09-28T09:19:00Z,25380.44,25392.7,25375.85,25390.9
2026-09-28T09:19:00Z,2026-09-28T09:20:00Z,25391.1,25410.77,25390.9,25408.6
2026-09-28T09:20:00Z,2026-09-28T09:21:00Z,25408.5,25421.02,25408.5,25417.61
2026-09-28T09:21:00Z,2026-09-28T09:22:00Z,25417.44,25419.44,25410.44,25411.85
2026-09-28T09:22:00Z,2026-09-28T09:23:00Z,25411.77,25416.61,25408.02,25415.6
2026-09-28T09:23:00Z,2026-09-28T09:24:00Z,25415.1,25417.92,25404.44,25404.95
2026-09-28T09:24:00Z,2026-09-28T09:25:00Z,25405.1,25411.6,25405.1,25409
2026-09-28T09:25:00Z,2026-09-28T09:26:00Z,25409.44,25411.35,25394.44,25397.27
2026-09-28T09:26:00Z,2026-09-28T09:27:00Z,25397.31,25403.6,25394.6,25400.44
2026-09-28T09:27:00Z,2026-09-28T09:28:00Z,25400.61,25400.61,25389.6,25391.48
2026-09-28T09:28:00Z,2026-09-28T09:29:00Z,25391.6,25398.77,25389.35,25390.21
2026-09-28T09:29:00Z,2026-09-28T09:30:00Z,25390.35,25403.77,25388.35,25402.77
2026-09-28T09:30:00Z,2026-09-28T09:31:00Z,25402.6,25404.77,25389.85,25391.25
2026-09-28T09:31:00Z,2026-09-28T09:32:00Z,25391.48,25396.85,25386.73,25390.35
2026-09-28T09:32:00Z,2026-09-28T09:33:00Z,25390.25,25395.65,25385.44,25390.86
2026-09-28T09:33:00Z,2026-09-28T09:34:00Z,25390.77,25390.77,25383.77,25385.44
2026-09-28T09:34:00Z,2026-09-28T09:35:00Z,25385.6,25389.11,25376.44,25377.21
2026-09-28T09:35:00Z,2026-09-28T09:36:00Z,25377.35,25381.85,25375.7,25378.95
2026-09-28T09:36:00Z,2026-09-28T09:37:00Z,25379.1,25386.48,25376.6,25385.95
2026-09-28T09:37:00Z,2026-09-28T09:38:00Z,25386.1,25386.3,25378.67,25380.77
2026-09-28T09:38:00Z,2026-09-28T09:39:00Z,25380.6,25381.11,25373.6,25379.77
2026-09-28T09:39:00Z,2026-09-28T09:40:00Z,25379.86,25387.78,25379.77,25385.61
2026-09-28T09:40:00Z,2026-09-28T09:41:00Z,25385.77,25400.35,25383.6,25395.73
2026-09-28T09:41:00Z,2026-09-28T09:42:00Z,25395.6,25396.48,25389.85,25394.57
2026-09-28T09:42:00Z,2026-09-28T09:43:00Z,25394.78,25396.85,25385.85,25390.3
2026-09-28T09:43:00Z,2026-09-28T09:44:00Z,25390.31,25397.35,25389.61,25396.43
2026-09-28T09:44:00Z,2026-09-28T09:45:00Z,25396.44,25404.53,25394.9,25404.27
2026-09-28T09:45:00Z,2026-09-28T09:46:00Z,25404.3,25420.27,25404.27,25419.27
2026-09-28T09:46:00Z,2026-09-28T09:47:00Z,25419.3,25419.6,25407.21,25408.6
2026-09-28T09:47:00Z,2026-09-28T09:48:00Z,25408.77,25417.6,25408.44,25411.1
2026-09-28T09:48:00Z,2026-09-28T09:49:00Z,25411.25,25413.77,25408.6,25412.95
2026-09-28T09:49:00Z,2026-09-28T09:50:00Z,25412.77,25413.1,25406.11,25412.85
2026-09-28T09:50:00Z,2026-09-28T09:51:00Z,25412.44,25420.35,25411.6,25417.6
2026-09-28T09:51:00Z,2026-09-28T09:52:00Z,25417.44,25419.77,25413.02,25419.77
2026-09-28T09:52:00Z,2026-09-28T09:53:00Z,25419.85,25425.05,25419.39,25424.6
2026-09-28T09:53:00Z,2026-09-28T09:54:00Z,25424.5,25426.21,25411.6,25413.6
2026-09-28T09:54:00Z,2026-09-28T09:55:00Z,25413.92,25418.44,25412.6,25413.5
2026-09-28T09:55:00Z,2026-09-28T09:56:00Z,25413.9,25418.35,25412.77,25418.35
2026-09-28T09:56:00Z,2026-09-28T09:57:00Z,25418.21,25418.6,25405.85,25410.35
2026-09-28T09:57:00Z,2026-09-28T09:58:00Z,25410.44,25415.92,25405.35,25412.85
2026-09-28T09:58:00Z,2026-09-28T09:59:00Z,25413.35,25414.21,25407.3,25408.43
2026-09-28T09:59:00Z,2026-09-28T10:00:00Z,25408.6,25419.44,25406.85,25418.44
2026-09-28T10:00:00Z,2026-09-28T10:01:00Z,25418.11,25423.44,25406.95,25416.48
2026-09-28T10:01:00Z,2026-09-28T10:02:00Z,25416.6,25424.5,25415.35,25418.44
2026-09-28T10:02:00Z,2026-09-28T10:03:00Z,25417.44,25420.71,25411.26,25418.85
2026-09-28T10:03:00Z,2026-09-28T10:04:00Z,25418.77,25426.02,25413.99,25424
2026-09-28T10:04:00Z,2026-09-28T10:05:00Z,25423.99,25429.85,25422.44,25427.44
2026-09-28T10:05:00Z,2026-09-28T10:06:00Z,25427.61,25430.18,25424.61,25428.77
2026-09-28T10:06:00Z,2026-09-28T10:07:00Z,25428.6,25429.3,25413.11,25419.85
2026-09-28T10:07:00Z,2026-09-28T10:08:00Z,25419.77,25421.92,25411.1,25411.77
2026-09-28T10:08:00Z,2026-09-28T10:09:00Z,25411.6,25411.61,25400.44,25402.85
2026-09-28T10:09:00Z,2026-09-28T10:10:00Z,25402.85,25407.85,25401.35,25402.6
2026-09-28T10:10:00Z,2026-09-28T10:11:00Z,25402.7,25404.6,25396.35,25396.35
2026-09-28T10:11:00Z,2026-09-28T10:12:00Z,25396.1,25396.1,25388.35,25390.44
2026-09-28T10:12:00Z,2026-09-28T10:13:00Z,25390.35,25408.95,25388.1,25390.86
2026-09-28T10:13:00Z,2026-09-28T10:14:00Z,25391.11,25391.61,25380.25,25388.6
2026-09-28T10:14:00Z,2026-09-28T10:15:00Z,25388.77,25394,25382.77,25393.25
2026-09-28T10:15:00Z,2026-09-28T10:16:00Z,25392.85,25402.1,25391.95,25399.95
2026-09-28T10:16:00Z,2026-09-28T10:17:00Z,25400.35,25401.48,25391.6,25393.77
2026-09-28T10:17:00Z,2026-09-28T10:18:00Z,25393.6,25396.1,25388.6,25388.6
2026-09-28T10:18:00Z,2026-09-28T10:19:00Z,25388.73,25401.6,25386.95,25397.44
2026-09-28T10:19:00Z,2026-09-28T10:20:00Z,25396.85,25405.78,25391.9,25391.9
2026-09-28T10:20:00Z,2026-09-28T10:21:00Z,25392.21,25398.1,25391.55,25392.77
2026-09-28T10:21:00Z,2026-09-28T10:22:00Z,25392.95,25402.96,25392.95,25401.21
2026-09-28T10:22:00Z,2026-09-28T10:23:00Z,25401.35,25402.1,25392.73,25395.77
2026-09-28T10:23:00Z,2026-09-28T10:24:00Z,25395.6,25397.86,25389.44,25389.6
2026-09-28T10:24:00Z,2026-09-28T10:25:00Z,25389.77,25389.86,25379.56,25381.6
2026-09-28T10:25:00Z,2026-09-28T10:26:00Z,25381.61,25386.77,25377.94,25383.95
2026-09-28T10:26:00Z,2026-09-28T10:27:00Z,25384.1,25386.77,25379.3,25380.6
2026-09-28T10:27:00Z,2026-09-28T10:28:00Z,25380.44,25383.1,25377.36,25377.36
2026-09-28T10:28:00Z,2026-09-28T10:29:00Z,25377.35,25378.6,25371.9,25372.7
2026-09-28T10:29:00Z,2026-09-28T10:30:00Z,25372.86,25387.1,25372.42,25386.77
2026-09-28T10:30:00Z,2026-09-28T10:31:00Z,25386.6,25389.21,25370.94,25371.44
2026-09-28T10:31:00Z,2026-09-28T10:32:00Z,25371.6,25384.44,25371.6,25381.6
2026-09-28T10:32:00Z,2026-09-28T10:33:00Z,25381.61,25382.11,25373.35,25380.85
2026-09-28T10:33:00Z,2026-09-28T10:34:00Z,25380.86,25385.25,25376.6,25385.21
2026-09-28T10:34:00Z,2026-09-28T10:35:00Z,25385.36,25387.35,25379.43,25382.6
2026-09-28T10:35:00Z,2026-09-28T10:36:00Z,25382.77,25383.61,25375.35,25376.77
2026-09-28T10:36:00Z,2026-09-28T10:37:00Z,25376.85,25377.6,25364.6,25369.44
2026-09-28T10:37:00Z,2026-09-28T10:38:00Z,25369.6,25374.36,25368.44,25370.1
2026-09-28T10:38:00Z,2026-09-28T10:39:00Z,25370.11,25370.61,25363.35,25365.61
2026-09-28T10:39:00Z,2026-09-28T10:40:00Z,25365.6,25379.3,25365.53,25377.6
2026-09-28T10:40:00Z,2026-09-28T10:41:00Z,25377.77,25382.1,25374.44,25379.1
2026-09-28T10:41:00Z,2026-09-28T10:42:00Z,25379.02,25382.64,25376.6,25376.6
2026-09-28T10:42:00Z,2026-09-28T10:43:00Z,25376.5,25377.11,25365.7,25367.43
2026-09-28T10:43:00Z,2026-09-28T10:44:00Z,25367.43,25370.77,25364.71,25367.21
2026-09-28T10:44:00Z,2026-09-28T10:45:00Z,25367.1,25370.6,25364.61,25368.77
2026-09-28T10:45:00Z,2026-09-28T10:46:00Z,25368.6,25372.25,25363.85,25365.77
2026-09-28T10:46:00Z,2026-09-28T10:47:00Z,25366.1,25373.44,25363.7,25364.36
2026-09-28T10:47:00Z,2026-09-28T10:48:00Z,25364.21,25366.6,25362.6,25365.61
2026-09-28T10:48:00Z,2026-09-28T10:49:00Z,25365.6,25371.77,25360.44,25369.44
2026-09-28T10:49:00Z,2026-09-28T10:50:00Z,25369.25,25376.1,25364.77,25372.7
2026-09-28T10:50:00Z,2026-09-28T10:51:00Z,25372.85,25378.77,25368.71,25374.85
2026-09-28T10:51:00Z,2026-09-28T10:52:00Z,25374.77,25390.3,25374.36,25385.55
2026-09-28T10:52:00Z,2026-09-28T10:53:00Z,25385.6,25403.21,25385.44,25392.85
2026-09-28T10:53:00Z,2026-09-28T10:54:00Z,25392.9,25393.25,25387.23,25387.23
2026-09-28T10:54:00Z,2026-09-28T10:55:00Z,25387.53,25388.77,25381.86,25387.95
2026-09-28T10:55:00Z,2026-09-28T10:56:00Z,25388.1,25391.48,25383.77,25390.43
2026-09-28T10:56:00Z,2026-09-28T10:57:00Z,25390.35,25391.1,25382.25,25382.6
2026-09-28T10:57:00Z,2026-09-28T10:58:00Z,25382.77,25392.44,25382.77,25384.73
2026-09-28T10:58:00Z,2026-09-28T10:59:00Z,25384.6,25389.85,25382.1,25386.44
2026-09-28T10:59:00Z,2026-09-28T11:00:00Z,25386.6,25388.6,25374.02,25377.1
2026-09-28T11:00:00Z,2026-09-28T11:01:00Z,25377.25,25404.48,25377.25,25388.35
2026-09-28T11:01:00Z,2026-09-28T11:02:00Z,25388.1,25397.6,25386.36,25396.6
2026-09-28T11:02:00Z,2026-09-28T11:03:00Z,25396.44,25396.44,25378.85,25378.85
2026-09-28T11:03:00Z,2026-09-28T11:04:00Z,25378.77,25381.1,25359.1,25359.35
2026-09-28T11:04:00Z,2026-09-28T11:05:00Z,25359.1,25365.77,25357.35,25363.48
2026-09-28T11:05:00Z,2026-09-28T11:06:00Z,25363.6,25365.6,25351.9,25354.61
2026-09-28T11:06:00Z,2026-09-28T11:07:00Z,25354.7,25363.25,25354.1,25361.25
2026-09-28T11:07:00Z,2026-09-28T11:08:00Z,25361.48,25371.92,25359.1,25369.35
2026-09-28T11:08:00Z,2026-09-28T11:09:00Z,25369.44,25372.1,25366.43,25370.44
2026-09-28T11:09:00Z,2026-09-28T11:10:00Z,25370.11,25380.1,25368.55,25379.36
2026-09-28T11:10:00Z,2026-09-28T11:11:00Z,25379.44,25387.48,25378.6,25386.65
2026-09-28T11:11:00Z,2026-09-28T11:12:00Z,25386.6,25398,25385.44,25394.85
2026-09-28T11:12:00Z,2026-09-28T11:13:00Z,25395.3,25398.43,25391.56,25392.1
2026-09-28T11:13:00Z,2026-09-28T11:14:00Z,25392.44,25394.86,25388.61,25390.43
2026-09-28T11:14:00Z,2026-09-28T11:15:00Z,25390.35,25401.1,25390.35,25393.35
2026-09-28T11:15:00Z,2026-09-28T11:16:00Z,25393.21,25395.1,25385.02,25390.44
2026-09-28T11:16:00Z,2026-09-28T11:17:00Z,25390.36,25413.35,25380.02,25403.77
2026-09-28T11:17:00Z,2026-09-28T11:18:00Z,25403.86,25414.44,25401.6,25407.25
2026-09-28T11:18:00Z,2026-09-28T11:19:00Z,25407.44,25407.6,25390.6,25390.7
2026-09-28T11:19:00Z,2026-09-28T11:20:00Z,25390.85,25392.1,25378.5,25380.6
2026-09-28T11:20:00Z,2026-09-28T11:21:00Z,25380.55,25384.25,25375.44,25383.6
2026-09-28T11:21:00Z,2026-09-28T11:22:00Z,25383.77,25386.61,25382.6,25385.61
2026-09-28T11:22:00Z,2026-09-28T11:23:00Z,25385.44,25406.1,25385.26,25404.36
2026-09-28T11:23:00Z,2026-09-28T11:24:00Z,25404.61,25411.35,25399.1,25408.77
2026-09-28T11:24:00Z,2026-09-28T11:25:00Z,25408.7,25415.86,25407.6,25415.44
2026-09-28T11:25:00Z,2026-09-28T11:26:00Z,25415.35,25418.6,25411.35,25415.35
2026-09-28T11:26:00Z,2026-09-28T11:27:00Z,25415.1,25421.77,25414.1,25419.21
2026-09-28T11:27:00Z,2026-09-28T11:28:00Z,25419.36,25420.85,25409.9,25410.11
2026-09-28T11:28:00Z,2026-09-28T11:29:00Z,25409.91,25417.77,25409.91,25416.25
2026-09-28T11:29:00Z,2026-09-28T11:30:00Z,25416.44,25416.6,25408.93,25410.85
2026-09-28T11:30:00Z,2026-09-28T11:31:00Z,25410.86,25413.85,25403.48,25404.35
2026-09-28T11:31:00Z,2026-09-28T11:32:00Z,25404.36,25408.86,25403.51,25406.6
2026-09-28T11:32:00Z,2026-09-28T11:33:00Z,25406.44,25409.1,25396.82,25396.82
2026-09-28T11:33:00Z,2026-09-28T11:34:00Z,25396.77,25403.6,25393.77,25403.21
2026-09-28T11:34:00Z,2026-09-28T11:35:00Z,25402.9,25405.85,25398.3,25405.5
2026-09-28T11:35:00Z,2026-09-28T11:36:00Z,25405.35,25407.35,25401.9,25404.6
2026-09-28T11:36:00Z,2026-09-28T11:37:00Z,25404.77,25407.44,25400.1,25402.1
2026-09-28T11:37:00Z,2026-09-28T11:38:00Z,25402.44,25409.02,25401.35,25407.9
2026-09-28T11:38:00Z,2026-09-28T11:39:00Z,25408.1,25410.19,25403.3,25404.35
2026-09-28T11:39:00Z,2026-09-28T11:40:00Z,25404.36,25411.1,25404.19,25407.9
2026-09-28T11:40:00Z,2026-09-28T11:41:00Z,25407.77,25407.77,25400.6,25403.85
2026-09-28T11:41:00Z,2026-09-28T11:42:00Z,25404,25410.85,25404,25409.29
2026-09-28T11:42:00Z,2026-09-28T11:43:00Z,25409.35,25416.44,25407.19,25416.35
2026-09-28T11:43:00Z,2026-09-28T11:44:00Z,25416.27,25419.27,25412.6,25413.85
2026-09-28T11:44:00Z,2026-09-28T11:45:00Z,25413.86,25418.1,25410.44,25416.77
2026-09-28T11:45:00Z,2026-09-28T11:46:00Z,25416.91,25420.5,25415.3,25418.3
2026-09-28T11:46:00Z,2026-09-28T11:47:00Z,25418.7,25424.11,25417.61,25418.44
2026-09-28T11:47:00Z,2026-09-28T11:48:00Z,25418.61,25420.44,25414.48,25416.1
2026-09-28T11:48:00Z,2026-09-28T11:49:00Z,25416.11,25417.48,25406.35,25407.44
2026-09-28T11:49:00Z,2026-09-28T11:50:00Z,25407.6,25407.61,25404.39,25404.7
2026-09-28T11:50:00Z,2026-09-28T11:51:00Z,25405.02,25407.6,25399.85,25406.9
2026-09-28T11:51:00Z,2026-09-28T11:52:00Z,25406.91,25412.86,25405.21,25408.85
2026-09-28T11:52:00Z,2026-09-28T11:53:00Z,25407.94,25413.85,25407.94,25413.6
2026-09-28T11:53:00Z,2026-09-28T11:54:00Z,25413.44,25413.85,25406.35,25407.6
2026-09-28T11:54:00Z,2026-09-28T11:55:00Z,25407.77,25412.35,25406.7,25410.85
2026-09-28T11:55:00Z,2026-09-28T11:56:00Z,25410.9,25421.3,25410.44,25418.1
2026-09-28T11:56:00Z,2026-09-28T11:57:00Z,25418.02,25418.91,25411.21,25412.85
2026-09-28T11:57:00Z,2026-09-28T11:58:00Z,25413.1,25415.94,25407.93,25412.61
2026-09-28T11:58:00Z,2026-09-28T11:59:00Z,25412.35,25415.35,25407.85,25408.1
2026-09-28T11:59:00Z,2026-09-28T12:00:00Z,25407.85,25407.85,25402.25,25404.3
2026-09-28T12:00:00Z,2026-09-28T12:01:00Z,25404.35,25409.7,25391.5,25393.86
2026-09-28T12:01:00Z,2026-09-28T12:02:00Z,25393.77,25394.1,25381.99,25384.43
2026-09-28T12:02:00Z,2026-09-28T12:03:00Z,25383.99,25395.1,25383.43,25394.5
2026-09-28T12:03:00Z,2026-09-28T12:04:00Z,25394.35,25394.6,25386.21,25394.35
2026-09-28T12:04:00Z,2026-09-28T12:05:00Z,25394.43,25439.1,25393.5,25419.6
2026-09-28T12:05:00Z,2026-09-28T12:06:00Z,25419.77,25445.1,25417.77,25439.55
2026-09-28T12:06:00Z,2026-09-28T12:07:00Z,25439.35,25459.9,25437.56,25457.48
2026-09-28T12:07:00Z,2026-09-28T12:08:00Z,25457.55,25460.21,25450.36,25450.44
2026-09-28T12:08:00Z,2026-09-28T12:09:00Z,25450.61,25450.61,25433.91,25440.44
2026-09-28T12:09:00Z,2026-09-28T12:10:00Z,25440.77,25444.1,25435.77,25443.29
2026-09-28T12:10:00Z,2026-09-28T12:11:00Z,25443.35,25449.95,25439.85,25440.6
2026-09-28T12:11:00Z,2026-09-28T12:12:00Z,25440.77,25450.1,25439.43,25440.6
2026-09-28T12:12:00Z,2026-09-28T12:13:00Z,25440.77,25442.6,25432.6,25432.6
2026-09-28T12:13:00Z,2026-09-28T12:14:00Z,25432.73,25435.86,25428.42,25434.44
2026-09-28T12:14:00Z,2026-09-28T12:15:00Z,25434.61,25444.48,25433.73,25443.61
2026-09-28T12:15:00Z,2026-09-28T12:16:00Z,25443.6,25446.95,25439.25,25442.43
2026-09-28T12:16:00Z,2026-09-28T12:17:00Z,25442.36,25454.95,25441.96,25454.1
2026-09-28T12:17:00Z,2026-09-28T12:18:00Z,25454.25,25457.44,25450.9,25451.02
2026-09-28T12:18:00Z,2026-09-28T12:19:00Z,25451.11,25459.35,25451.11,25456.77
2026-09-28T12:19:00Z,2026-09-28T12:20:00Z,25456.6,25469.25,25455.77,25467.3
2026-09-28T12:20:00Z,2026-09-28T12:21:00Z,25467.1,25472.1,25465.9,25471.77
2026-09-28T12:21:00Z,2026-09-28T12:22:00Z,25472.1,25474.77,25463.44,25464.35
2026-09-28T12:22:00Z,2026-09-28T12:23:00Z,25464.43,25465.3,25451.86,25452.19
2026-09-28T12:23:00Z,2026-09-28T12:24:00Z,25452.3,25460.86,25449.1,25458.6
2026-09-28T12:24:00Z,2026-09-28T12:25:00Z,25458.5,25464.77,25458.43,25459.95
2026-09-28T12:25:00Z,2026-09-28T12:26:00Z,25459.77,25464.91,25454.85,25464.7
2026-09-28T12:26:00Z,2026-09-28T12:27:00Z,25464.85,25484.9,25461.1,25472.35
2026-09-28T12:27:00Z,2026-09-28T12:28:00Z,25472.1,25472.35,25462.6,25469.43
2026-09-28T12:28:00Z,2026-09-28T12:29:00Z,25469.44,25472.6,25465.43,25465.73
2026-09-28T12:29:00Z,2026-09-28T12:30:00Z,25465.61,25466.25,25456.6,25456.7
2026-09-28T12:30:00Z,2026-09-28T12:31:00Z,25456.77,25467.78,25455.6,25467.6
2026-09-28T12:31:00Z,2026-09-28T12:32:00Z,25467.44,25467.44,25451.95,25455.85
2026-09-28T12:32:00Z,2026-09-28T12:33:00Z,25455.77,25456.77,25447.94,25453.96
2026-09-28T12:33:00Z,2026-09-28T12:34:00Z,25454.11,25459.85,25454.11,25459.1
2026-09-28T12:34:00Z,2026-09-28T12:35:00Z,25459.21,25467.95,25456.65,25467.6
2026-09-28T12:35:00Z,2026-09-28T12:36:00Z,25467.73,25475.85,25461.44,25471.6
2026-09-28T12:36:00Z,2026-09-28T12:37:00Z,25471.77,25477.1,25469.55,25471.1
2026-09-28T12:37:00Z,2026-09-28T12:38:00Z,25471.11,25472.77,25459.61,25462.9
2026-09-28T12:38:00Z,2026-09-28T12:39:00Z,25462.85,25464.02,25452.1,25454.42
2026-09-28T12:39:00Z,2026-09-28T12:40:00Z,25454.6,25454.86,25446.44,25452.77
2026-09-28T12:40:00Z,2026-09-28T12:41:00Z,25452.6,25453.9,25436.95,25437.94
2026-09-28T12:41:00Z,2026-09-28T12:42:00Z,25437.91,25448.6,25437.61,25444.86
2026-09-28T12:42:00Z,2026-09-28T12:43:00Z,25444.91,25445.77,25437.86,25442.6
2026-09-28T12:43:00Z,2026-09-28T12:44:00Z,25442.61,25460.94,25440.95,25455.86
2026-09-28T12:44:00Z,2026-09-28T12:45:00Z,25455.91,25473.96,25455.77,25473.77
2026-09-28T12:45:00Z,2026-09-28T12:46:00Z,25474.1,25484.25,25473.85,25483.21
2026-09-28T12:46:00Z,2026-09-28T12:47:00Z,25483.35,25485.36,25475.61,25475.68
2026-09-28T12:47:00Z,2026-09-28T12:48:00Z,25475.77,25482.18,25472.6,25474.3
2026-09-28T12:48:00Z,2026-09-28T12:49:00Z,25474.35,25479.94,25468.29,25478.1
2026-09-28T12:49:00Z,2026-09-28T12:50:00Z,25478.21,25480.86,25473.35,25473.77
2026-09-28T12:50:00Z,2026-09-28T12:51:00Z,25473.6,25487.66,25471.85,25485.35
2026-09-28T12:51:00Z,2026-09-28T12:52:00Z,25485.29,25487.6,25482.43,25485.6
2026-09-28T12:52:00Z,2026-09-28T12:53:00Z,25485.77,25497.44,25485.6,25488.02
2026-09-28T12:53:00Z,2026-09-28T12:54:00Z,25487.9,25493.85,25480.35,25493.6
2026-09-28T12:54:00Z,2026-09-28T12:55:00Z,25493.5,25496.94,25489.6,25496.8
2026-09-28T12:55:00Z,2026-09-28T12:56:00Z,25496.75,25499.94,25493.1,25494.9
2026-09-28T12:56:00Z,2026-09-28T12:57:00Z,25494.93,25511.71,25492.35,25510.67
2026-09-28T12:57:00Z,2026-09-28T12:58:00Z,25510.68,25517.24,25505.44,25509.6
2026-09-28T12:58:00Z,2026-09-28T12:59:00Z,25509.77,25511.85,25500.19,25501.9
2026-09-28T12:59:00Z,2026-09-28T13:00:00Z,25501.94,25511.5,25501.19,25508.31
2026-09-28T13:00:00Z,2026-09-28T13:01:00Z,25508.36,25510.1,25495.5,25498.39
2026-09-28T13:01:00Z,2026-09-28T13:02:00Z,25498.44,25499.6,25479,25481.85
2026-09-28T13:02:00Z,2026-09-28T13:03:00Z,25481.77,25482.77,25472.35,25479.85
2026-09-28T13:03:00Z,2026-09-28T13:04:00Z,25479.8,25479.85,25473.35,25473.77
2026-09-28T13:04:00Z,2026-09-28T13:05:00Z,25473.85,25478.3,25473.44,25476.44
2026-09-28T13:05:00Z,2026-09-28T13:06:00Z,25476.35,25477.1,25467,25468.77
2026-09-28T13:06:00Z,2026-09-28T13:07:00Z,25468.6,25474.19,25464.9,25470.7
2026-09-28T13:07:00Z,2026-09-28T13:08:00Z,25470.6,25478.11,25468.43,25477.77
2026-09-28T13:08:00Z,2026-09-28T13:09:00Z,25477.6,25481.6,25476.44,25481.3
2026-09-28T13:09:00Z,2026-09-28T13:10:00Z,25481.19,25484.77,25476.35,25480.94
2026-09-28T13:10:00Z,2026-09-28T13:11:00Z,25481.1,25485.9,25480.35,25481.36
2026-09-28T13:11:00Z,2026-09-28T13:12:00Z,25481.21,25481.61,25471.44,25475.85
2026-09-28T13:12:00Z,2026-09-28T13:13:00Z,25476.1,25484.77,25476.1,25483.6
2026-09-28T13:13:00Z,2026-09-28T13:14:00Z,25483.44,25487.19,25481.44,25484.61
2026-09-28T13:14:00Z,2026-09-28T13:15:00Z,25484.51,25486.86,25479.21,25479.92
2026-09-28T13:15:00Z,2026-09-28T13:16:00Z,25479.91,25488.61,25479.6,25486.44
2026-09-28T13:16:00Z,2026-09-28T13:17:00Z,25486.48,25489.1,25485.77,25487.98
